id,oi_id,contact_last,contact_first
1,1,Niece,Yancey
2,2,Keogh,Lianne
3,3,Pitbladdo,Juliette
4,4,Enefer,Billy
5,5,Luter,Rabbi
6,6,Baddow,Almeria
7,7,Emps,Jan
8,8,Sharland,Clem
9,9,Crates,Janelle
10,10,Hartman,Xavier
11,11,Joutapavicius,Caroline
12,12,Ricard,Beltran
13,13,Wolledge,Mabelle
14,14,Dommerque,Nev
15,15,Lanney,Jareb
16,16,Broodes,Dulciana
17,17,Fines,Caro
18,18,Zywicki,Darin
19,19,Trussler,Dulce
20,20,McGuinness,Nicole
21,21,Jakov,Linc
22,22,Leas,Cosme
23,23,Gwynn,Charil
24,24,Shorland,Leo
25,25,Bartomieu,Price
26,26,Hencke,Christie
27,27,Yielding,Odey
28,28,Gowing,Linda
29,29,Pimblett,Skip
30,30,MacGettigen,Nora
31,31,Yakobovitz,Ruperta
32,32,Coleyshaw,Emylee
33,33,Cassely,Jaquelyn
34,34,Farrears,Bessy
35,35,Donaho,Sergei
36,36,Ivanonko,Ephraim
37,37,Schaben,Wilfrid
38,38,Samms,Ethelbert
39,39,Wickwarth,Eadith
40,40,Colles,Timmie
41,41,Hazeldean,Leodora
42,42,Twizell,Maris
43,43,Dinnies,Turner
44,44,Ouldcott,Camille
45,45,Thorrington,Alex
46,46,Bish,Joanne
47,47,Olander,Monte
48,48,Mapplebeck,Iver
49,49,Tarquinio,Katti
50,50,Avann,Ingeberg
51,51,Drover,Prudy
52,52,Dodle,Donall
53,53,Morteo,Jamison
54,54,Bauldrey,Nancy
55,55,Frediani,Maxim
56,56,Woods,Mic
57,57,Casely,Rona
58,58,Primak,Karlan
59,59,Ruffles,Jamison
60,60,Rebanks,Merl
61,61,Moggie,Corena
62,62,Siley,Chaunce
63,63,Lux,Benjie
64,64,Becarra,Kaycee
65,65,Sacchetti,Harp
66,66,Reditt,Rianon
67,67,Tonry,Hendrik
68,68,Gemmill,Shirl
69,69,Chaulk,Claiborn
70,70,Ciardo,Sophronia
71,71,Disbrow,Ole
72,72,Presidey,Ike
73,73,Lejeune,Pen
74,74,Kuhne,Tamas
75,75,Bowen,Nealson
76,76,Leith,Morgen
77,77,Woodson,Kaja
78,78,Grieveson,Chevy
79,79,Lundon,Ellsworth
80,80,Plewes,Matthaeus
81,81,Yarn,Greer
82,82,Strettell,Carlyle
83,83,Duffin,Mel
84,84,Cowden,Ricca
85,85,Jochanany,Page
86,86,Arnaud,Gavra
87,87,Paulon,Laraine
88,88,Trustie,Kassandra
89,89,O'Carmody,Elisabet
90,90,Scutts,Berti
91,91,Allsep,Laurice
92,92,Fudge,Ardyce
93,93,Basnett,Siegfried
94,94,Dealey,Lee
95,95,Scrace,Richard
96,96,Lecount,Ardenia
97,97,Tring,Humfrid
98,98,Bathow,Diane
99,99,Kittoe,Marijn
100,100,Dodd,Roseanne
101,101,Gibben,Becky
102,102,Turmall,Rhona
103,103,Lunt,Giavani
104,104,Brandham,Jillie
105,105,Kirwin,Tadeas
106,106,Gledstane,Berk
107,107,Styles,Cord
108,108,Daenen,Janaye
109,109,Marioneau,Cyb
110,110,Prydie,Eva
111,111,Bruton,Lelah
112,112,De Gregario,Jules
113,113,Worts,Micah
114,114,McFeat,Sterling
115,115,Randle,Ede
116,116,McOwan,Gran
117,117,Ravilus,Valentine
118,118,Imlen,Cy
119,119,Lismer,Bridgette
120,120,Baggett,Robin
121,121,Barck,Paquito
122,122,Glendinning,Bea
123,123,Seak,Kendrick
124,124,Paulsson,Dolli
125,125,Folini,Beryl
126,126,Forster,Weidar
127,127,Petford,Linn
128,128,Ayto,Jordanna
129,129,Sycamore,Nydia
130,130,Cooksley,Kat
131,131,Massei,Emmett
132,132,Townshend,Annie
133,133,Turner,Melody
134,134,Mertin,Hasty
135,135,Marishenko,Wendie
136,136,Renneke,Marga
137,137,Shera,Jordain
138,138,Walesby,Germain
139,139,Fronek,Bord
140,140,Cords,Shirlene
141,141,Livett,Kakalina
142,142,Halloran,Cicily
143,143,Curd,Niko
144,144,Whiteland,Esme
145,145,Petyakov,Denni
146,146,Guerre,Misha
147,147,Jedras,Hank
148,148,Dawton,Yard
149,149,Shireff,Johannah
150,150,Langhorn,Byram
151,151,Scrace,Mellicent
152,152,Draayer,Odele
153,153,Slaymaker,Leeanne
154,154,Thomlinson,Dianne
155,155,Exroll,Averell
156,156,Toal,Mimi
157,157,Seyler,Ansley
158,158,McPhate,Luciano
159,159,Isaksson,Daron
160,160,Teggart,Purcell
161,161,Mayow,Myrna
162,162,Wigginton,Nadya
163,163,Hesbrook,Alva
164,164,Badsworth,Tanner
165,165,Esselen,Sean
166,166,Harrington,Vida
167,167,Ellph,Shelia
168,168,Quirk,Juana
169,169,Giacovetti,Letitia
170,170,Elven,Clarisse
171,171,Folke,Bastian
172,172,Cranton,Trumann
173,173,Minnock,Billie
174,174,Kitman,Armstrong
175,175,Ryson,Emanuele
176,176,Hotton,Maximo
177,177,Avann,Abigale
178,178,Schubuser,Oralee
179,179,Kybert,Kaycee
180,180,Cesaric,Fred
181,181,Satford,Torrance
182,182,Yakunkin,Inesita
183,183,Taffurelli,Buffy
184,184,Rappoport,Jozef
185,185,Morlon,Brina
186,186,Eborn,Elvis
187,187,Sharvell,Brandon
188,188,Foffano,Tarra
189,189,Oganian,Koo
190,190,Pitkeathley,Kare
191,191,Izkovitz,Sadella
192,192,Cuthbert,Ollie
193,193,Moyse,Janetta
194,194,Tarbox,Giusto
195,195,Geelan,Alisander
196,196,Brentnall,Gannon
197,197,Tollet,Anneliese
198,198,Vamplew,Hammad
199,199,Sentinella,Hedvig
200,200,Rubinowitch,Chip
201,201,Beers,Honoria
202,202,Loft,Abbye
203,203,Gaddes,Britte
204,204,Shields,Brandy
205,205,Mole,Maitilde
206,206,McCreery,Hynda
207,207,Hynes,Hyacinthe
208,208,Thairs,Correy
209,209,Postance,Britney
210,210,Justun,Edward
211,211,Vaulkhard,Ronalda
212,212,Ormiston,Duff
213,213,Varnals,Marianna
214,214,Crannis,Brigida
215,215,Elkins,Avie
216,216,Dat,Farrah
217,217,Godthaab,Garrett
218,218,Guiver,Henrietta
219,219,Duferie,Roderick
220,220,Senechell,Pam
221,221,Snibson,Dolores
222,222,Carn,Cordie
223,223,Coenraets,Alvin
224,224,Rishbrook,Keelia
225,225,Korpal,Chris
226,226,Penson,Ofella
227,227,Schollar,Alexandros
228,228,Durbyn,Raviv
229,229,Wyvill,Cornell
230,230,Keirle,Jock
231,231,Klejin,Roscoe
232,232,Argile,Alane
233,233,Chansonne,Jesselyn
234,234,Amer,Pattie
235,235,Clayton,Demetris
236,236,Darrigone,Melva
237,237,Lyosik,Faun
238,238,Demeza,Olive
239,239,Daughton,Martguerita
240,240,Houseago,Shani
241,241,McMenamie,Thayne
242,242,Hallam,Cairistiona
243,243,Isakovic,Harman
244,244,Denny,Bess
245,245,Cornick,Lane
246,246,Raddon,Ola
247,247,Aven,Ross
248,248,Deinhard,Phillida
249,249,Vasler,Corty
250,250,Kneebone,Ede
251,251,Conneely,Darryl
252,252,Arundell,Zebulen
253,253,Krelle,Irma
254,254,Ties,Gilberte
255,255,Slograve,Kevin
256,256,Grieves,Andrew
257,257,Delepine,Timon
258,258,Shimon,James
259,259,Phripp,Fletcher
260,260,Shower,Sebastian
261,261,Marjot,Stephen
262,262,Bice,Nero
263,263,Kohnen,Axel
264,264,Grierson,Gary
265,265,Gerssam,Quinn
266,266,Niblett,Kevin
267,267,Sleeman,Thomas
268,268,Barthrup,Lee
269,269,McKeachie,Ryan
270,270,Batchelour,Callum
271,271,Longdon,August
272,272,Cordelet,Melvin
273,273,Janata,Forrest
274,274,Exroll,Carlos
275,275,Martinetto,Hu
276,276,Chislett,Carter
277,277,Duckerin,Aladdin
278,278,Goodisson,Isaac
279,279,Bruun,Mufutau
280,280,Renachowski,Merrill
281,281,Simester,Sylvester
282,282,Lynas,Buckminster
283,283,Rolance,Calvin
284,284,Moyer,Bevis
285,285,Godfroy,Gregory
286,286,Joubert,Kennedy
287,287,Vassall,Simon
288,288,Gimblet,Allen
289,289,Cutteridge,Garrison
290,290,Braam,Philip
291,291,Furzey,Xanthus
292,292,Simmins,Malachi
293,293,Thaim,Dexter
294,294,Jotham,Alan
295,295,Klulisek,Palmer
296,296,Doswell,Jermaine
297,297,Burtwhistle,Cairo
298,298,Dwight,Clarke
299,299,Maddra,Nasim
300,300,Sergeant,Baxter
301,301,Morant,Graiden
302,302,Gosker,Bert
303,303,Gaspard,Vladimir
304,304,Abrahamsen,Emerson
305,305,Mitchelson,Timothy
306,306,Scogings,Simon
307,307,Spight,Kirk
308,308,Mosdill,Xavier
309,309,Zanni,Drake
310,310,Condit,Zahir
311,311,Sprionghall,Darius
312,312,Kubanek,Dorian
313,313,Studholme,Victor
314,314,Sawrey,Kenneth
315,315,Habbijam,Rooney
316,316,Cauley,Abbot
317,317,Lawrenceson,Merritt
318,318,Zink,Ryan
319,319,McCafferky,Adam
320,320,Naulty,Nasim
321,321,Doge,Conan
322,322,Gillbee,Silas
323,323,Blazevic,Reed
324,324,Willwood,Aaron
325,325,Rebillard,Allistair
326,326,Estable,Stewart
327,327,Vergo,Quamar
328,328,Bellord,Jelani
329,329,Jahncke,Thane
330,330,Girod,Igor
331,331,Chelsom,Hakeem
332,332,Fullylove,Lev
333,333,Blackett,Carl
334,334,Stanyland,Calvin
335,335,Hands,Tucker
336,336,Childerley,Amery
337,337,Collip,James
338,338,Mechic,Lucas
339,339,Doxsey,Burke
340,340,Feak,Oleg
341,341,Burghall,Thaddeus
342,342,Quantrell,Patrick
343,343,MacElroy,Zephania
344,344,Dalling,David
345,345,Adamson,Jonah
346,346,Hutton,Blaze
347,347,Diggles,Dexter
348,348,Wishkar,Jeremy
349,349,Piggen,Cairo
350,350,Scoterbosh,Malachi
351,351,Keyes,Dane
352,352,Allabush,Gil
353,353,Ruperti,Phelan
354,354,Guilloud,Alan
355,355,Theodore,Cody
356,356,Malden,Alejoa
357,357,Doumer,Helen
358,358,Thorowgood,Arney
359,359,Ladd,Ivie
360,360,D'Hooghe,Katy
361,361,Feldmesser,Shaine
362,362,Warrilow,Gerardo
363,363,Schellig,Jarad
364,364,Chin,Hailee
365,365,Redgrave,Kirstin
366,366,Ferreras,Malinda
367,367,Sponer,Eachelle
368,368,Minty,Cloe
369,369,Drezzer,Tiffani
370,370,McTavy,Dave
371,371,Bevens,Baxter
372,372,Briston,Shel
373,373,Allitt,Archaimbaud
374,374,Maryska,Fairlie
375,375,Sollas,Meir
376,376,Whieldon,Matilda
377,377,Sheering,Gilbertina
378,378,Koop,Quintilla
379,379,Tulley,Katlin
380,380,Saines,Georgianna
381,381,Vamplew,Nicolette
382,382,Mash,Amelia
383,383,Solway,Cleopatra
384,384,Strevens,Paule
385,385,Ramberg,Ade
386,386,Chastey,Justino
387,387,Corradengo,Evin
388,388,Holdforth,Jeffy
389,389,Roubay,Birk
390,390,Herley,Eadie
391,391,Bramhill,Timmy
392,392,D'Antoni,Pamela
393,393,Oaker,Tova
394,394,Roomes,Stinky
395,395,Karran,Ashlin
396,396,Prescott,Roxi
397,397,Battman,Hy
398,398,Stouther,Zia
399,399,Thews,Jan
400,400,Yoell,Gwendolyn
401,401,Dymott,Bibbye
402,402,Tondeur,Jessamyn
403,403,Brithman,Myrlene
404,404,Semechik,Jean
405,405,Di Bernardo,Mano
406,406,Connikie,Nicol
407,407,Bernardet,Norrie
408,408,Simounet,Mickie
409,409,Le Fleming,Donica
410,410,Rottger,Smitty
411,411,Polendine,Abbie
412,412,Drewson,Damian
413,413,Hesser,Mandi
414,414,Le Marquis,Leontyne
415,415,Thomas,Reiko
416,416,Conn,Clay
417,417,Goggey,Ewart
418,418,Hagerty,Jere
419,419,Fishburn,Leonidas
420,420,Overal,Kareem
421,421,Burel,Andreas
422,422,Mapes,Suzy
423,423,Senechell,Vaughan
424,424,Healeas,Vale
425,425,Dagworthy,Gualterio
426,426,Gurling,Una
427,427,Bownass,Josy
428,428,Latan,Standford
429,429,Lowy,Culver
430,430,Flintoffe,Bryn
431,431,Twede,Case
432,432,Birney,Gleda
433,433,Djokic,Sarine
434,434,Fadell,Juanita
435,435,Groves,Martina
436,436,Weatherhogg,Ddene
437,437,Brough,Brand
438,438,Liddall,Jonas
439,439,Diamond,Noland
440,440,Rickeard,Yankee
441,441,Khomich,Melly
442,442,Hirtzmann,Flory
443,443,Hucke,Augusto
444,444,Inkles,Briana
445,445,Waters,Juliet
446,446,Daniello,Clemens
447,447,Habble,Nicole
448,448,Pett,Janella
449,449,Attac,Monte
450,450,Tregunna,Rhea
451,451,Reye,Anitra
452,452,Yole,Valerie
453,453,Cassam,Alford
454,454,Crimes,Chris
455,455,Norval,Stinky
456,456,Pachmann,Guido
457,457,Bourner,Shirleen
458,458,Hawthorn,Karoline
459,459,Somes,Kathy
460,460,Cray,Matty
461,461,Hanlon,Ricardo
462,462,Paske,Gerhardine
463,463,Frediani,Drake
464,464,Musterd,Callean
465,465,Daviot,Lilian
466,466,Parris,Stefano
467,467,Anfosso,Calli
468,468,MacTeague,Zacharia
469,469,Sparsholt,Arel
470,470,Bourbon,Flinn
471,471,Meconi,Cindelyn
472,472,Blachford,Leigh
473,473,Wellen,Miller
474,474,Whitehall,Alfy
475,475,Nanninini,Kaiser
476,476,Mordin,Hyman
477,477,Kornilov,Klarrisa
478,478,Stothart,Remy
479,479,Jest,Finley
480,480,Saben,Linnet
481,481,Walkingshaw,Margaret
482,482,D'Antonio,Mariska
483,483,Copland,Karina
484,484,Kalkhoven,Erhart
485,485,Drohane,Ethyl
486,486,Russo,Jeanie
487,487,Oakwell,Aurelie
488,488,Leaton,Toni
489,489,Compton,Kirby
490,490,Brannan,Moreen
491,491,Luthwood,Lynnet
492,492,Durrance,Karmen
493,493,Vandrill,Natasha
494,494,Kubecka,Hayward
495,495,Block,Carey
496,496,Haliburton,Arliene
497,497,Faich,Maxim
498,498,Keese,Dick
499,499,Gosney,Jennie
500,500,Kinig,Boote
501,501,Engelmann,Blinny
502,502,Sunnucks,Dianne
503,503,Tooting,Dara
504,504,Rallin,Storm
505,505,Tomaszkiewicz,Cherye
506,506,Cawt,Farah
507,507,Snashall,Bennie
508,508,Hourihane,Pammie
509,509,Ives,Thaddus
510,510,Jerromes,Janel
511,511,Arnow,Jolie
512,512,Hirtzmann,Tuckie
513,513,Zukierman,Kizzee
514,514,Batchan,Lazarus
515,515,Sigfrid,Brigg
516,516,Banton,Cornelia
517,517,Futty,Selina
518,518,Zanetto,Woody
519,519,Brodeur,Abby
520,520,Navan,Maureene
521,521,Dowty,Shandy
522,522,Scamadin,Kaspar
523,523,Cardus,Lissi
524,524,Roberto,Guss
525,525,Crutcher,Milissent
526,526,Belvard,Marian
527,527,Laister,Harriot
528,528,McCann,Llewellyn
529,529,Warton,Goldy
530,530,Schoroder,Gerry
531,531,Nutting,Aaren
532,532,Teare,Ulla
533,533,Hourstan,Idalia
534,534,Comsty,Valentia
535,535,Heatherington,Raoul
536,536,Clarke-Williams,Auria
537,537,Simpkiss,Margot
538,538,Flucks,Merle
539,539,Althorpe,Bank
540,540,Musico,Ravi
541,541,Garriock,Emmerich
542,542,Munkton,Zacharias
543,543,Piggins,Charmine
544,544,Kittow,Keven
545,545,Bignold,Joelie
546,546,Karppi,Millicent
547,547,Hugle,Liza
548,548,Andretti,Alane
549,549,Blincow,Darryl
550,550,Robson,Dannie
551,551,Gifkins,Tome
552,552,Lortzing,Claudian
553,553,Chatenet,Othilie
554,554,Leafe,Ralph
555,555,Pietri,Denis
556,556,Quoit,Abbye
557,557,Richmont,Kendrick
558,558,Suttell,Stephenie
559,559,Cargo,Estelle
560,560,Leither,Mortimer
561,561,Spyer,Jessamyn
562,562,Borrel,Germaine
563,563,Szach,Lauri
564,564,Stonman,Chip
565,565,Saphir,Tye
566,566,Mozzini,Anni
567,567,Beauvais,Den
568,568,Curness,Ivie
569,569,Aldine,Gran
570,570,Izac,Merrill
571,571,Ashness,Cherry
572,572,Thorn,Candie
573,573,Jepperson,Rafaelia
574,574,Kitchenman,Blancha
575,575,Peasegod,Darcy
576,576,McAuslan,Maddy
577,577,Bleas,Corri
578,578,Odde,Daryl
579,579,Barthelemy,Siana
580,580,Piggins,Gus
581,581,Carslaw,Jermaine
582,582,Petchell,Olga
583,583,Iacobucci,Nickolas
584,584,Campelli,Lory
585,585,Stait,Querida
586,586,Haxbie,Cathy
587,587,Bachs,Gerrard
588,588,Pidgley,Woodman
589,589,Somerlie,Collin
590,590,Bracegirdle,Baily
591,591,Bradley,Pavlov
592,592,Tolson,Ranee
593,593,Allott,Wandis
594,594,Snoxall,Cori
595,595,Stanbra,Leona
596,596,Gerdts,Beck
597,597,McElvogue,Staffard
598,598,Roma,Alameda
599,599,Markham,Storm
600,600,Noice,Terrill
601,601,Mickleborough,Clerkclaude
602,602,Pettinger,Nickolaus
603,603,Adamiec,Vickie
604,604,Soppit,Carlene
605,605,Gammade,Standford
606,606,Manuel,Godfry
607,607,Runnacles,Benedikt
608,608,Screas,Hayden
609,609,Datte,Mitzi
610,610,Grimwood,Carlie
611,611,Otton,Meggi
612,612,Bazire,Juieta
613,613,Caddies,Tuckie
614,614,Petrowsky,Farr
615,615,Antushev,Constancy
616,616,Conyers,Sarajane
617,617,Crain,Silvio
618,618,Trett,Langsdon
619,619,Eleshenar,Clemmie
620,620,Prawle,Kristoforo
621,621,Luberto,Winn
622,622,Cordelle,Vonny
623,623,Flanigan,Dasie
624,624,Zuan,Dre
625,625,Goldman,Joyann
626,626,Trimbey,Kienan
627,627,Ledram,Jacki
628,628,Shemmans,Angelique
629,629,Davion,Gaspard
630,630,Taynton,Janetta
631,631,Gasker,Shell
632,632,Stirtle,Eimile
633,633,Dufaire,Daniella
634,634,Kisby,Galina
635,635,Chaudret,Rory
636,636,Guppie,Gnni
637,637,Wardhaugh,Noelle
638,638,McCrisken,Fredra
639,639,Haddy,Devlen
640,640,Hawkyens,Cornie
641,641,Huckett,Quincy
642,642,Grocott,Mamie
643,643,Burnage,Karyn
644,644,Paxforde,Isabelita
645,645,Tamblyn,Rosalia
646,646,Redsall,Artur
647,647,Cudbird,Gannie
648,648,Rollingson,Zea
649,649,Swinnard,Bil
650,650,Studde,Jeromy
651,651,Andriessen,Sorcha
652,652,Hindenburg,Ignacio
653,653,Acomb,Ezra
654,654,Cristofolo,Sayre
655,655,Guerreru,Silvan
656,656,Fieldgate,Beryle
657,657,Aylesbury,Welsh
658,658,Cole,Lucilia
659,659,Marklin,Dorris
660,660,Rottery,Teodoro
661,661,Wroth,Nathanil
662,662,Agett,Niki
663,663,Muscroft,Saw
664,664,Tosspell,Ignace
665,665,Riche,Anett
666,666,Winwood,Audry
667,667,Payler,Bernette
668,668,Burrel,Toni
669,669,Killerby,Willetta
670,670,Normaville,Isidora
671,671,Ference,Erminie
672,672,Cockcroft,Alaric
673,673,Bonfield,Ivonne
674,674,Wohler,Maximilien
675,675,Tash,Domenico
676,676,Stansell,Rosy
677,677,Schukraft,Nappy
678,678,Scone,Sheff
679,679,Davidou,Dona
680,680,Donegan,Dennis
681,681,Abela,Haskell
682,682,Gherarducci,Faun
683,683,Snoxall,Chadd
684,684,Rollingson,Glad
685,685,Andersson,Sasha
686,686,Sherar,Elisabetta
687,687,Slimme,Dionisio
688,688,Theobalds,Aila
689,689,Dirand,Scot
690,690,Cano,Dorry
691,691,Pickworth,Craig
692,692,Neiland,Hedvig
693,693,Memory,Filia
694,694,Johanssen,Sherill
695,695,Sturm,Theo
696,696,But,Tedman
697,697,Rizzelli,Nessa
698,698,Benstead,Ameline
699,699,Howels,Boycey
700,700,Ivanin,Jessalin
701,701,Ianniello,Lon
702,702,Hargreaves,Lindsey
703,703,Coolbear,Trueman
704,704,Piris,Kirk
705,705,Roskam,Filippo
706,706,Regan,Gabriellia
707,707,MacGruer,Jobey
708,708,Ricardo,Rikki
709,709,Slowley,Edan
710,710,McKinney,Bendicty
711,711,Claypoole,Meir
712,712,Dewen,Reinhard
713,713,MacAlpin,Mareah
714,714,Sweed,Otho
715,715,Bansal,Dyane
716,716,Morrall,Samuel
717,717,Searight,Frans
718,718,Aslie,Dugald
719,719,Murrock,Maura
720,720,Kiln,Bobby
721,721,Bodman,Kristen
722,722,Lawtey,Aubrey
723,723,Aizik,Lesli
724,724,Facer,Marve
725,725,Ert,Marylee
726,726,Chezelle,Dosi
727,727,Antognetti,Tommy
728,728,McGloin,Bat
729,729,Eldred,Taryn
730,730,Froom,Marty
731,731,Largan,Romeo
732,732,Klimt,Goldia
733,733,Kingsnod,Shae
734,734,Forde,Desdemona
735,735,Orneles,Pacorro
736,736,Andres,Harris
737,737,Hamlet,Maudie
738,738,McPhilip,Meggi
739,739,Merveille,Herman
740,740,Govett,Rosaline
741,741,Pratley,Eldin
742,742,Delmage,Rickard
743,743,Mates,Rickey
744,744,Scoular,Marci
745,745,Harryman,Patricio
746,746,Hennington,Papageno
747,747,Brand,Lelah
748,748,Snooks,Merle
749,749,Joddens,Ernesta
750,750,Aberdein,Rubi
751,751,Archdeacon,Bern
752,752,Duckitt,Cash
753,753,Beecraft,Kristofer
754,754,Court,Rubia
755,755,Jermin,Euphemia
756,756,Faye,Benedicto
757,757,Spadotto,Zia
758,758,Poultney,Daniella
759,759,Dymond,Kikelia
760,760,Ochiltree,Emlynne
761,761,Cool,Darlene
762,762,Bassil,Daryl
763,763,Wykes,Foster
764,764,Yakubovics,Bondie
765,765,Guage,Rollin
766,766,Duns,Adrianne
767,767,Egentan,Neddy
768,768,De Mattia,Shayne
769,769,Stoffels,Tabb
770,770,Fleetham,Jami
771,771,Rhymer,Elva
772,772,Aers,Teddi
773,773,Thornton-Dewhirst,Morena
774,774,Maciak,Kimbra
775,775,Teresia,Cindee
776,776,Sime,Clifford
777,777,Seivertsen,Alicea
778,778,Teml,Bertine
779,779,Raccio,Bellina
780,780,Blagdon,Fae
781,781,Karlsson,Buddy
782,782,Heijnen,Willy
783,783,Geibel,Jeremy
784,784,Bobasch,Layla
785,785,Norcross,Guthry
786,786,Kilbourne,Nicol
787,787,Haskayne,Mathilda
788,788,Hayers,Devonna
789,789,Clausen,Mord
790,790,Gladdifh,Tom
791,791,Henrot,Kikelia
792,792,Foxwell,Jasmin
793,793,Helian,Shelbi
794,794,Deniseau,Arden
795,795,Brabyn,Ermentrude
796,796,McCard,Ransell
797,797,Proudley,Jerrilyn
798,798,Darlaston,Giorgi
799,799,Mulvagh,Cassandre
800,800,Matijevic,Felic
801,801,Tyrwhitt,Sutherlan
802,802,O'Scannill,Nikolas
803,803,De Biasi,Risa
804,804,Baack,Erminia
805,805,Antonio,Lilli
806,806,Jacquemet,Hyacinth
807,807,Sharkey,Shanna
808,808,Roaf,Kaiser
809,809,Randle,Elvera
810,810,Eveling,Urbanus
811,811,Phoenix,Germain
812,812,Woolard,Ofelia
813,813,Napier,Maria
814,814,Wallentin,Sutherland
815,815,Rubie,Felipa
816,816,Crackett,Meir
817,817,Houlridge,Willard
818,818,Dulton,Letisha
819,819,Ygoe,Joyan
820,820,O'Shields,Rockie
821,821,Sweetland,Elaine
822,822,Pestor,Wolfy
823,823,Hayzer,Lizzie
824,824,MacSkeaghan,Barbabas
825,825,Ingrem,Darrell
826,826,Espinosa,Callida
827,827,Deniso,Ruthy
828,828,Bettlestone,Carlota
829,829,Hamnet,Joshia
830,830,Treadaway,Marcia
831,831,Breed,Barr
832,832,McCrystal,Ynes
833,833,Kinningley,Ruthe
834,834,Geraudel,Jewelle
835,835,Jefferies,Ryann
836,836,Smitherman,Sandie
837,837,Labrom,Keri
838,838,Archibold,Angelique
839,839,Vidineev,Ivor
840,840,Baskett,Talia
841,841,Gritland,Roseann
842,842,Chesson,Suzanne
843,843,Dodson,Gaynor
844,844,Whawell,Michell
845,845,Ralling,Isadora
846,846,Hazelhurst,Lorrin
847,847,Thrush,Elinor
848,848,Rolingson,Ron
849,849,Gowling,Gerrie
850,850,Hatfield,Chiquita
851,851,Grayshon,Vicki
852,852,Stading,Marsiella
853,853,Tomasini,Aaron
854,854,Zarfai,Ellene
855,855,Cage,Gaile
856,856,Plaunch,Cami
857,857,Inston,Ricardo
858,858,Kulis,Jude
859,859,Scorah,Crawford
860,860,Ghiron,Sherlocke
861,861,Masserel,Nomi
862,862,Lum,Licha
863,863,Isenor,Luciano
864,864,Wartnaby,Nicholle
865,865,McJerrow,Ainslie
866,866,Civitillo,Bard
867,867,Pantone,Cortie
868,868,Biggs,Illa
869,869,Lattos,Katheryn
870,870,Tregust,Tyne
871,871,Forrestor,Mattie
872,872,Dimitrov,Bethena
873,873,Bergeau,Marillin
874,874,Abdie,Philbert
875,875,Paraman,Sarena
876,876,Gowry,Morgen
877,877,Lynock,Curran
878,878,Spreull,Carlina
879,879,Greenhough,Alanson
880,880,De Biasio,Micheil
881,881,Smee,Eolande
882,882,Eaklee,Thane
883,883,Pendlenton,Anastassia
884,884,Hargrave,Rachele
885,885,Slayton,Natalina
886,886,Ackeroyd,Max
887,887,Mulhill,Valenka
888,888,Doyley,Alasdair
889,889,Giovannilli,Evanne
890,890,Jekel,Mace
891,891,Pirson,Sarah
892,892,Laise,Reinald
893,893,Crim,Fawne
894,894,Sandiford,Fowler
895,895,Almeida,Romeo
896,896,Hunte,Cameron
897,897,Jevons,Chev
898,898,Justice,Anne-corinne
899,899,Stonuary,Falito
900,900,Wormell,Kevan
901,901,Witherow,Myer
902,902,Artin,Killian
903,903,Marfield,Christan
904,904,Browne,Tedie
905,905,Wenden,Neilla
906,906,Parkin,Eada
907,907,De Giovanni,Drugi
908,908,Fensome,Erroll
909,909,Darycott,Nell
910,910,Bonafant,Amil
911,911,Gauchier,Fons
912,912,McCaughran,Ramona
913,913,Gibbs,Caro
914,914,Royans,Paulie
915,915,Keable,Meredithe
916,916,Van Velden,Lorinda
917,917,Baack,Fleurette
918,918,Cisar,Grace
919,919,Loveard,Cathleen
920,920,Baise,Sheppard
921,921,Tamsett,Janna
922,922,Willeman,Eveleen
923,923,Iacobini,Ariadne
924,924,Frowing,Lester
925,925,Abramow,Gretel
926,926,Molineux,Salomi
927,927,Paddemore,Martina
928,928,Lippitt,Pippo
929,929,Struss,Brig
930,930,Loughren,Marge
931,931,Coopman,Feliza
932,932,Craigs,Jehu
933,933,Thewless,Audy
934,934,Greder,Baudoin
935,935,Hegg,Judd
936,936,Patterfield,Marlie
937,937,MacBain,Hermann
938,938,Gable,Hollie
939,939,Baldi,Fulvia
940,940,Lampard,Harper
941,941,von Grollmann,Ana
942,942,Leckie,Mattias
943,943,Belz,Dominick
944,944,Queen,Otho
945,945,Stegell,Valenka
946,946,Kob,Raleigh
947,947,Ocheltree,Hamilton
948,948,Fortin,Vivienne
949,949,Astle,Eddy
950,950,Spincks,Charis
951,951,Lowth,Gram
952,952,Critchley,Taite
953,953,Eathorne,Meade
954,954,Leser,Sisile
955,955,Coulton,Kimberley
956,956,Craxford,Shana
957,957,Kubicka,Carlin
958,958,Isaacs,Findlay
959,959,Eglington,Tabby
960,960,Ridley,Kathye
961,961,Bustard,Shanan
962,962,Arrighetti,Tam
963,963,Skilton,Masha
964,964,Pervoe,Deidre
965,965,Guittet,Teriann
966,966,Swanston,Dorelle
967,967,Gronaller,Mariejeanne
968,968,Botterell,Mace
969,969,Dorro,Callean
970,970,Cordingley,Aryn
971,971,Ortzen,Wat
972,972,Balding,Hermione
973,973,Dudbridge,Ced
974,974,Quigg,Maxie
975,975,Hun,Walther
976,976,Bill,Marysa
977,977,Sandeland,Jordan
978,978,De Launde,Leigh
979,979,Codman,Celle
980,980,Greetland,Conni
981,981,Gask,Early
982,982,Tarbet,Cathy
983,983,Eymor,Fredek
984,984,Kenwyn,Mano
985,985,Henriquet,Odell
986,986,Biaggiotti,Constancia
987,987,Trigg,Bob
988,988,Kleinsinger,Jasmine
989,989,Prigg,Kiah
990,990,Epinoy,Ricardo
991,991,Wildey,Erica
992,992,Archbold,Ailyn
993,993,Stanistrete,Jefferson
994,994,Purver,Amargo
995,995,Huggins,Axe
996,996,Burberry,Hilly
997,997,Vern,Olly
998,998,Brookes,Adrienne
999,999,Lochet,Ricki
1000,1000,Harbert,Ewell
1001,1001,Pinnere,Joel
1002,1002,Broadway,Timofei
1003,1003,Fealy,Charlena
1004,1004,Keuneke,Randolf
1005,1005,Benneyworth,Papageno
1006,1006,Rummings,Jasun
1007,1007,McRobert,Ada
1008,1008,Rammell,Cam
1009,1009,Santer,Ignacius
1010,1010,Heineke,Cos
1011,1011,Blabey,Rodolph
1012,1012,Jewise,Brett
1013,1013,Rikard,Westbrook
1014,1014,Anscombe,Lilllie
1015,1015,Andreutti,Lane
1016,1016,Moverley,Mycah
1017,1017,Huetson,Devonna
1018,1018,Bleesing,Hi
1019,1019,Larman,Ruddie
1020,1020,Bartzen,Suzann
1021,1021,Munton,Florencia
1022,1022,Garatty,Tulley
1023,1023,Broom,Rosamond
1024,1024,Garritley,Marketa
1025,1025,Stedall,Vasilis
1026,1026,Illsley,Joella
1027,1027,Bortolomei,Margarete
1028,1028,Fazan,Prinz
1029,1029,Furmedge,Jaime
1030,1030,Mizen,Cori
1031,1031,Cotsford,Job
1032,1032,Slora,Dimitry
1033,1033,McGuckin,Sally
1034,1034,Sculpher,Ola
1035,1035,Sannes,Mia
1036,1036,Gorgen,Rafaelia
1037,1037,Ballach,Ingrim
1038,1038,Fishly,Selena
1039,1039,Plum,Hazel
1040,1040,Spieck,Adele
1041,1041,Stutely,Mommy
1042,1042,Nester,Bryan
1043,1043,Skiggs,Brear
1044,1044,Gebuhr,Benni
1045,1045,Leroy,Cordey
1046,1046,Buffy,Alison
1047,1047,Canniffe,Tasha
1048,1048,MacSherry,Ave
1049,1049,Amies,Matthias
1050,1050,Laffranconi,Adan
1051,1051,Brazier,Tommie
1052,1052,Jenton,Brynn
1053,1053,Coyte,Cher
1054,1054,Gonzalo,Kaleb
1055,1055,Corpes,Stormy
1056,1056,Mandel,Wallace
1057,1057,Slowan,Delilah
1058,1058,Risen,Kassandra
1059,1059,Lithcow,Mandie
1060,1060,Cullin,Ilsa
1061,1061,Attryde,Ced
1062,1062,Enrigo,Phebe
1063,1063,Terran,Jere
1064,1064,Danzelman,Eberhard
1065,1065,Sykes,Evelyn
1066,1066,Domotor,Giovanni
1067,1067,Duffell,Angel
1068,1068,Steele,Celisse
1069,1069,Barltrop,Husein
1070,1070,Ubank,Rosella
1071,1071,Jerzycowski,Veronique
1072,1072,Insole,Danna
1073,1073,Lorraine,Nikaniki
1074,1074,Abbys,Willey
1075,1075,Markey,Derry
1076,1076,Peniman,Mitzi
1077,1077,Banham,Jeremias
1078,1078,Trainor,Joelie
1079,1079,Brumham,Pooh
1080,1080,Handes,Jami
1081,1081,Adriaan,Kris
1082,1082,Ding,Aymer
1083,1083,Pitcher,Erasmus
1084,1084,Fader,Errick
1085,1085,Driscoll,Doreen
1086,1086,Gilpin,Reginald
1087,1087,Scarlet,Lionello
1088,1088,Orrill,Griswold
1089,1089,Cornau,Adham
1090,1090,McPhelimey,Nellie
1091,1091,Joly,Ahmad
1092,1092,Scowcraft,Gerome
1093,1093,Killich,Lacy
1094,1094,Strafen,Carleton
1095,1095,Rives,Mariska
1096,1096,Lugg,Tad
1097,1097,Brinded,Giraldo
1098,1098,Phethean,Lorelei
1099,1099,Abbati,Liva
1100,1100,Vaillant,Hussein
1101,1101,Kimmerling,Stephana
1102,1102,Camden,Marcellus
1103,1103,Tour,Cindra
1104,1104,Brunicke,Valencia
1105,1105,Backler,Tabb
1106,1106,Douthwaite,Alasteir
1107,1107,Houselee,Che
1108,1108,Keyte,Erhart
1109,1109,Saiens,Woodman
1110,1110,Feechum,Chet
1111,1111,Chantree,Merrel
1112,1112,Lightollers,Jania
1113,1113,Feldhammer,Domingo
1114,1114,Oxenbury,Ofella
1115,1115,Drews,Willi
1116,1116,Liversley,Edward
1117,1117,Troup,Kit
1118,1118,Druce,Tull
1119,1119,Kofax,Aubrie
1120,1120,Sowden,Andeee
1121,1121,Paynter,Nappy
1122,1122,Beckson,Tedda
1123,1123,Aaronsohn,Jaimie
1124,1124,Hindhaugh,Lorelle
1125,1125,Greeves,Debee
1126,1126,Balderston,Tan
1127,1127,Timmins,Hanni
1128,1128,Yakuntsov,Upton
1129,1129,Haydn,Bridgette
1130,1130,Ricco,Ellene
1131,1131,Batho,Sandy
1132,1132,Hintze,Melita
1133,1133,Itzkovsky,Kalil
1134,1134,Flaunier,Albie
1135,1135,Loveitt,Stephan
1136,1136,Bowles,Willie
1137,1137,Vasentsov,Hazel
1138,1138,Ruberry,Didi
1139,1139,Ferrarone,Maiga
1140,1140,Philipps,Whitman
1141,1141,Chiplen,Brittan
1142,1142,Latehouse,Talbot
1143,1143,Tumelty,Fanni
1144,1144,Brimicombe,Wit
1145,1145,Roache,Sallyann
1146,1146,Gadault,Ninon
1147,1147,Craney,Riki
1148,1148,Roffey,Rodolph
1149,1149,Duffet,Trumann
1150,1150,Ferie,Grove
1151,1151,Donativo,Rania
1152,1152,Mulliner,Shanna
1153,1153,Dommett,Joela
1154,1154,Toovey,Torie
1155,1155,Mulvy,Meade
1156,1156,Castellino,Dana
1157,1157,Francey,Marianne
1158,1158,McGinn,Guendolen
1159,1159,Rosoni,Kandace
1160,1160,Gell,Darline
1161,1161,Ginity,Ramsay
1162,1162,Rainforth,Fredi
1163,1163,Brambill,Siobhan
1164,1164,Sumsion,Bessy
1165,1165,Popham,Madelin
1166,1166,Jezzard,Nada
1167,1167,Drain,Hewitt
1168,1168,Nuzzi,Benedikt
1169,1169,Foskett,Saloma
1170,1170,Larner,Noby
1171,1171,Yitzhakov,Ettore
1172,1172,Cockren,Lindsay
1173,1173,Diem,Wilburt
1174,1174,Maine,Dominick
1175,1175,Dalliwatr,Maximilien
1176,1176,Vasyutichev,Wilfrid
1177,1177,Warboy,Quentin
1178,1178,Cradoc,Ramsay
1179,1179,Esome,Niel
1180,1180,Willgoose,Prescott
1181,1181,Borrell,Marcia
1182,1182,Mathiassen,Beatrice
1183,1183,Farbrother,Sonia
1184,1184,Foxley,Nadeen
1185,1185,Ascrofte,Claudetta
1186,1186,Fish,Roseanna
1187,1187,Espinas,Mathilda
1188,1188,Wooton,Adi
1189,1189,Diego,Meade
1190,1190,Venditti,Nikita
1191,1191,Feaver,Jay
1192,1192,Parramore,Bayard
1193,1193,Hallows,Orv
1194,1194,Malan,Alejandrina
1195,1195,Devorill,Doll
1196,1196,Rearden,Annemarie
1197,1197,Izatson,Nathanial
1198,1198,Greenhill,Matthias
1199,1199,Olivetti,Leland
1200,1200,Pauli,Thedric
1201,1201,Harraway,Maddie
1202,1202,Shawl,Lothaire
1203,1203,Emerton,Susie
1204,1204,Cossam,Angie
1205,1205,Badwick,Chas
1206,1206,Helstrom,Devonne
1207,1207,Blankhorn,Melisenda
1208,1208,Semrad,Amii
1209,1209,Beazley,Joann
1210,1210,Heyburn,Carena
1211,1211,Board,Peri
1212,1212,Salmons,Belvia
1213,1213,Jemmett,Danila
1214,1214,Pim,Cherish
1215,1215,Aleso,Hedda
1216,1216,Hrihorovich,Paige
1217,1217,Overil,Chrysler
1218,1218,Haughan,Vincenz
1219,1219,McCrystal,Leupold
1220,1220,McCritchie,Elissa
1221,1221,Godbold,Kenn
1222,1222,Croyser,Raddie
1223,1223,Pettett,Virgil
1224,1224,Warner,Giusto
1225,1225,Allday,Dagmar
1226,1226,Glasner,Aviva
1227,1227,Flatman,Evonne
1228,1228,Kitchingman,Felice
1229,1229,Merigot,Gaelan
1230,1230,Ligoe,Christoph
1231,1231,Callis,Mariette
1232,1232,Howey,Turner
1233,1233,Pallin,Casper
1234,1234,Gibard,Sallyanne
1235,1235,Sibbald,Myrlene
1236,1236,Sissot,Lezlie
1237,1237,Crates,Leoline
1238,1238,Rohloff,Jaclin
1239,1239,Dodridge,Rooney
1240,1240,Kenelin,Normy
1241,1241,Dakhno,Verge
1242,1242,Grangier,Twyla
1243,1243,Titman,Marty
1244,1244,Van Leeuwen,Zacharie
1245,1245,Tomashov,Berenice
1246,1246,Sainsbury-Brown,Morgun
1247,1247,Murrison,Letti
1248,1248,Dane,Tamra
1249,1249,Walesa,Leonora
1250,1250,Skeldinge,Domeniga
1251,1251,Parlett,Alford
1252,1252,McGlaughn,Stavros
1253,1253,Minelli,Shela
1254,1254,Swatman,Cord
1255,1255,Ortler,Britni
1256,1256,Rawnsley,Rorie
1257,1257,Beaver,Faun
1258,1258,Lamartine,Ansel
1259,1259,Wickendon,Casey
1260,1260,Vinten,Starlin
1261,1261,Paolotto,Mollie
1262,1262,Ledgard,Osborne
1263,1263,Dobbison,Hildagard
1264,1264,Kensitt,Annissa
1265,1265,Claye,Elnar
1266,1266,Lumley,Esteban
1267,1267,Crome,Sherlocke
1268,1268,Brasener,Grover
1269,1269,Landal,Lois
1270,1270,Supple,Irwinn
1271,1271,Whal,Lambert
1272,1272,Caldecot,Ricki
1273,1273,Noweak,Kris
1274,1274,Buckeridge,Staffard
1275,1275,Francello,Nicolina
1276,1276,Nelsey,Hester
1277,1277,Lewin,Riordan
1278,1278,Paskell,Auguste
1279,1279,Ayliffe,Ban
1280,1280,Dran,Chrisse
1281,1281,Robardey,Abbey
1282,1282,Hennington,Duky
1283,1283,Smee,Worthy
1284,1284,Linskey,Twila
1285,1285,Killshaw,Kari
1286,1286,Daftor,Wilie
1287,1287,McLaren,Gusty
1288,1288,Gerkens,Fair
1289,1289,Scimoni,Tate
1290,1290,Farncombe,Addie
1291,1291,Blackaller,Nevil
1292,1292,Gilardengo,Tamqrah
1293,1293,Balcombe,Marcello
1294,1294,Mateev,Phillipe
1295,1295,Gullan,Heriberto
1296,1296,Forst,Zorah
1297,1297,Dunkerly,Pat
1298,1298,Mattiacci,Pearla
1299,1299,MacSween,Danyette
1300,1300,Snelgar,Wood
1301,1301,Remer,Caleb
1302,1302,Sign,Timi
1303,1303,Fairchild,Vinny
1304,1304,Amps,Joshia
1305,1305,Buddleigh,Jaimie
1306,1306,Squibbes,Wilmette
1307,1307,Oughton,Katerina
1308,1308,Buddleigh,Annabell
1309,1309,Grinnov,Goldina
1310,1310,Puckett,Carolynn
1311,1311,Blumfield,Currie
1312,1312,Vance,Filmore
1313,1313,Prattington,Christoph
1314,1314,Legate,Atlante
1315,1315,Laneham,Laney
1316,1316,Yarnton,Madalyn
1317,1317,Keepence,Franchot
1318,1318,Ryves,Beth
1319,1319,Konke,Xylia
1320,1320,Dallas,Banky
1321,1321,Talbot,Mindy
1322,1322,Rickis,Sandie
1323,1323,Badgers,Fenelia
1324,1324,Duggary,Selena
1325,1325,Taylour,Liz
1326,1326,Jandac,Shara
1327,1327,Scutchin,Vin
1328,1328,Manntschke,Morgan
1329,1329,Waye,Morris
1330,1330,Biddulph,Batholomew
1331,1331,Minero,Vera
1332,1332,Pozzi,Alessandra
1333,1333,Kolin,Margalo
1334,1334,Estabrook,Tani
1335,1335,Jellard,Marcus
1336,1336,Sivyour,Lanita
1337,1337,Drynan,Salomi
1338,1338,Jozaitis,Nanon
1339,1339,Kamenar,Parrnell
1340,1340,Duberry,Vincent
1341,1341,Galland,Silva
1342,1342,Bahde,Quincey
1343,1343,Klassman,Way
1344,1344,Headland,Kev
1345,1345,Licciardo,Aldrich
1346,1346,Riley,Lou
1347,1347,Willard,Jenelle
1348,1348,Henryson,Stearn
1349,1349,Greenhow,Meade
1350,1350,Ferrao,Modesta
1351,1351,Bumphries,Alejoa
1352,1352,Huygen,Camile
1353,1353,Godehard.sf,Adams
1354,1354,Yackiminie,Reeta
1355,1355,Banyard,Lavinie
1356,1356,Frankcom,Englebert
1357,1357,Kermath,Leonhard
1358,1358,Gillison,Huberto
1359,1359,Kuschel,Wilfrid
1360,1360,Boog,Kris
1361,1361,Seviour,Mycah
1362,1362,Revening,Jamaal
1363,1363,Chisolm,Eyde
1364,1364,Niesing,Nedi
1365,1365,Knoton,Demeter
1366,1366,Ollivier,Sapphire
1367,1367,Camier,Dory
1368,1368,Withrop,Antonius
1369,1369,Strickler,Rolland
1370,1370,Pyford,Sena
1371,1371,Niessen,Brett
1372,1372,Bernlin,Duke
1373,1373,Outlaw,Risa
1374,1374,Faughey,Brew
1375,1375,Avramovitz,Seward
1376,1376,Dreher,Kellie
1377,1377,Founds,Saloma
1378,1378,Gobel,Chickie
1379,1379,Holtom,Cortney
1380,1380,Capaldo,Clarette
1381,1381,Minigo,Moses
1382,1382,Yersin,Neddy
1383,1383,Wallentin,Gillian
1384,1384,Bartens,Kenyon
1385,1385,Chelsom,Sue
1386,1386,Dominici,Sascha
1387,1387,Davidde,Gay
1388,1388,Champniss,Valentin
1389,1389,Doerr,Jo ann
1390,1390,Tindle,Papageno
1391,1391,Gow,Welsh
1392,1392,Feighney,Mair
1393,1393,Ollivier,Carla
1394,1394,Routledge,Hatty
1395,1395,Fonzo,Beth
1396,1396,Stilling,Pyotr
1397,1397,Martinovic,Jean
1398,1398,Glave,Elia
1399,1399,Geake,Jacinta
1400,1400,Cavee,Garrik
1401,1401,Baton,Shannon
1402,1402,Duckels,Culley
1403,1403,Latour,Klemens
1404,1404,Ghest,Cathlene
1405,1405,D'Antoni,Viole
1406,1406,Sivess,Biddy
1407,1407,Lamball,Constancy
1408,1408,Scrase,Milo
1409,1409,Achromov,Carol
1410,1410,Hollidge,Savina
1411,1411,Kynvin,Letisha
1412,1412,Maleney,Hank
1413,1413,Sweetzer,Viva
1414,1414,Sego,Charmion
1415,1415,Janecek,Sterling
1416,1416,Leppo,Wallie
1417,1417,Waggett,Beilul
1418,1418,Osgood,Gracie
1419,1419,Seamon,Chanda
1420,1420,Borthram,Augustus
1421,1421,Burnham,Theodor
1422,1422,Glencrosche,Jilly
1423,1423,Dudhill,Ollie
1424,1424,Boldecke,Liz
1425,1425,Blees,Rourke
1426,1426,Geerdts,Diego
1427,1427,Huffer,Stirling
1428,1428,Wanjek,Ivory
1429,1429,Trower,Janine
1430,1430,Gibbs,Kirk
1431,1431,Rigmand,Brad
1432,1432,Stanfield,Nolly
1433,1433,Hankin,Benetta
1434,1434,Gibard,Clarisse
1435,1435,Imms,Belicia
1436,1436,Abrahart,Ken
1437,1437,Batcheldor,Mahmoud
1438,1438,Clere,Art
1439,1439,Kohneke,Zack
1440,1440,Roadnight,Agosto
1441,1441,Casellas,Clayborn
1442,1442,McPhelimey,Melba
1443,1443,Girling,Robinette
1444,1444,Loch,Vikky
1445,1445,Flooks,Ardelia
1446,1446,Piotrowski,Gertrud
1447,1447,Sigg,Joelynn
1448,1448,Bilby,Kakalina
1449,1449,Verlinde,Gaylord
1450,1450,Bauldry,Arlin
1451,1451,Cline,Tiebout
1452,1452,Penrith,Chiarra
1453,1453,Gatland,Dwain
1454,1454,Wearn,Serge
1455,1455,Szimoni,Kassey
1456,1456,O' Bee,Judie
1457,1457,Beall,Aloysius
1458,1458,Harrill,Orland
1459,1459,Benge,Damien
1460,1460,Dunster,Dyann
1461,1461,Eastes,Dov
1462,1462,Enrico,Trixi
1463,1463,Greenman,Vance
1464,1464,Tolchard,Reagen
1465,1465,Crosher,Lulita
1466,1466,Castel,Piper
1467,1467,Lill,Hedi
1468,1468,Lemme,Roxanne
1469,1469,Dowdall,Jasmin
1470,1470,Scurlock,Lesley
1471,1471,Spellward,Lotti
1472,1472,Heal,Carri
1473,1473,Belf,Susanetta
1474,1474,Gligoraci,Kristoforo
1475,1475,Greensall,Ashly
1476,1476,Tamburi,Darbee
1477,1477,Casserley,Dulcine
1478,1478,Reaman,Ettore
1479,1479,Gratrix,Meyer
1480,1480,Brown,Alain
1481,1481,De Bruijn,Lauryn
1482,1482,Loft,Jori
1483,1483,Lesser,Lenci
1484,1484,Blabey,Lars
1485,1485,Griniov,Ynez
1486,1486,Syphus,Virgil
1487,1487,Dimmer,Eal
1488,1488,Warburton,Leoine
1489,1489,Hulke,Alexina
1490,1490,Bremner,Eugenia
1491,1491,Dumpleton,Timmi
1492,1492,Davana,Darla
1493,1493,Spatig,Gavrielle
1494,1494,Daftor,Mayor
1495,1495,McArthur,Brigg
1496,1496,Sprott,Toddie
1497,1497,Brighouse,Charity
1498,1498,Marcinkowski,Henrieta
1499,1499,Bushen,Finley
1500,1500,McArthur,Lucienne
1501,1501,Hebson,Ami
1502,1502,Yeo,Carlen
1503,1503,Hegel,Payton
1504,1504,Rojel,Alfred
1505,1505,Minards,Leeanne
1506,1506,Iscowitz,Burt
1507,1507,Northage,Hunt
1508,1508,Jude,Rois
1509,1509,Louch,Emmye
1510,1510,Eyer,Parke
1511,1511,Scothron,Mable
1512,1512,Penni,Darcie
1513,1513,Laviste,Farley
1514,1514,Piel,Percival
1515,1515,Trusty,Nichols
1516,1516,De Ortega,Paolo
1517,1517,Beevor,Osmond
1518,1518,Menier,Roberto
1519,1519,Markwick,Gannie
1520,1520,Rossiter,Moira
1521,1521,Bortolotti,Carol
1522,1522,Druce,Bebe
1523,1523,Lighton,Roobbie
1524,1524,Herity,Trevar
1525,1525,Althorp,Ted
1526,1526,Mathiassen,Prisca
1527,1527,Connew,Godiva
1528,1528,Strickett,Ellsworth
1529,1529,Whittuck,Junie
1530,1530,Egginton,Amalia
1531,1531,Ganiclef,Flynn
1532,1532,Dulanty,Igor
1533,1533,Kirsop,Mureil
1534,1534,James,Malynda
1535,1535,Roskam,Francesca
1536,1536,Merkle,Colet
1537,1537,Tales,Austina
1538,1538,Skull,Trudey
1539,1539,Hurran,Hobard
1540,1540,Bachnic,Agathe
1541,1541,Quant,Sebastien
1542,1542,Robeiro,Hunt
1543,1543,Grimoldby,Babs
1544,1544,McCrisken,Arin
1545,1545,Noble,Broderick
1546,1546,Junkinson,Karin
1547,1547,Terlinden,Bartholemy
1548,1548,Oakeshott,Dylan
1549,1549,Luthwood,Osborn
1550,1550,Plues,Jami
1551,1551,Brocket,Danice
1552,1552,Rioch,Lyn
1553,1553,MacDwyer,Faina
1554,1554,Toth,Nappy
1555,1555,Pionter,Delano
1556,1556,Rembrandt,Filia
1557,1557,Housby,Mariel
1558,1558,Terrington,Kerwinn
1559,1559,Dellenbrook,Estrellita
1560,1560,Roscamp,Mortimer
1561,1561,Joannidi,Akim
1562,1562,Keneleyside,Henka
1563,1563,Restill,Trixi
1564,1564,Batchelder,Xerxes
1565,1565,Vickers,Ephrayim
1566,1566,Mirfield,Blondelle
1567,1567,Hurl,Rockey
1568,1568,Budgey,Melonie
1569,1569,di Rocca,Tully
1570,1570,Suart,Celestyna
1571,1571,Baber,Marabel
1572,1572,Yewdall,Randy
1573,1573,Woodburn,Lynn
1574,1574,Buggs,Hymie
1575,1575,Flannery,Osgood
1576,1576,Ruddy,Luisa
1577,1577,Lumbly,Sean
1578,1578,Prettejohns,Jaquenette
1579,1579,Belli,Friedrich
1580,1580,Jackes,Jilli
1581,1581,McFarland,Meyer
1582,1582,Spikings,Gill
1583,1583,Guillerman,Deena
1584,1584,Hallock,Karlotte
1585,1585,McAnulty,Cindelyn
1586,1586,Rigmond,Bailie
1587,1587,Lindblom,Kale
1588,1588,Godding,Dex
1589,1589,Tudgay,Sherm
1590,1590,D'eath,Alexander
1591,1591,Habbershon,Vincent
1592,1592,Beaston,Hedvig
1593,1593,Gaskamp,Lennie
1594,1594,Le Clercq,Bobbi
1595,1595,Baszkiewicz,Hatti
1596,1596,De Atta,Farrel
1597,1597,Ruggs,Gwendolyn
1598,1598,Duker,Cindi
1599,1599,Hartshorne,Loralee
1600,1600,Lavery,Filmer
1601,1601,Shipley,Iolande
1602,1602,Wase,Sidonnie
1603,1603,Syddall,Nicolette
1604,1604,Potapczuk,Sarge
1605,1605,Bridgestock,Moses
1606,1606,Rushbrooke,Biddie
1607,1607,DeSousa,Waldon
1608,1608,Mayoral,Deanne
1609,1609,Hinchcliffe,Jasper
1610,1610,Seed,Tomasine
1611,1611,Jeandot,Anders
1612,1612,Fey,Marge
1613,1613,Konrad,Joya
1614,1614,Langford,Dannye
1615,1615,Hatchette,Bridie
1616,1616,Fairlem,Kirstin
1617,1617,Fairebrother,Lonnie
1618,1618,Hickinbottom,Rog
1619,1619,Petrazzi,Quintana
1620,1620,Stringman,Fanni
1621,1621,Wraggs,Corri
1622,1622,Studart,Tybie
1623,1623,Muzzillo,Deane
1624,1624,Keeping,Mace
1625,1625,Boow,Antonietta
1626,1626,Hiley,Aldis
1627,1627,Claire,Johannah
1628,1628,Fossett,Jany
1629,1629,Lello,Petronilla
1630,1630,Ransome,Ruben
1631,1631,Lesek,Teddie
1632,1632,Fessions,Sly
1633,1633,Christauffour,Jordanna
1634,1634,McLeman,Ikey
1635,1635,Trahmel,Stephanie
1636,1636,Debow,Monica
1637,1637,Garnam,Vail
1638,1638,Sherwyn,Nappie
1639,1639,Guthrum,Emlynn
1640,1640,Cheese,Veda
1641,1641,Pheasant,Marin
1642,1642,Knowller,Roldan
1643,1643,Hayller,Shea
1644,1644,Tibald,Jessie
1645,1645,Brimham,Shannen
1646,1646,Northfield,Mariette
1647,1647,Stollenhof,Lorin
1648,1648,McCluney,Eunice
1649,1649,Romayn,Gretna
1650,1650,Kolczynski,Kimble
1651,1651,Huston,Silvie
1652,1652,Mazdon,Sampson
1653,1653,Checci,Eldon
1654,1654,Greenhall,Netty
1655,1655,Spurrier,Bibi
1656,1656,Cooling,Maddalena
1657,1657,Beckey,Margarete
1658,1658,Danilowicz,Fabiano
1659,1659,Rannald,Cassi
1660,1660,Giannasi,Gary
1661,1661,Pidduck,Carlin
1662,1662,Taffie,Farica
1663,1663,Blunt,Alyosha
1664,1664,Redholes,Lisetta
1665,1665,Emma,Ardyce
1666,1666,Anstead,Octavia
1667,1667,Trow,Mick
1668,1668,Fredson,Mireielle
1669,1669,Healeas,Kania
1670,1670,Glendzer,Sim
1671,1671,Chawkley,Alisander
1672,1672,Schuricke,Ekaterina
1673,1673,Macey,Husein
1674,1674,McKune,Petunia
1675,1675,Blowne,Mill
1676,1676,Gelland,Ben
1677,1677,Perkinson,Blondell
1678,1678,Bowley,Meade
1679,1679,Acedo,Cleveland
1680,1680,Pummell,Olly
1681,1681,Gooch,Sofie
1682,1682,Sabie,Newton
1683,1683,Billington,Ivan
1684,1684,Conaghy,Romona
1685,1685,Bettinson,Bea
1686,1686,Kingdon,Viki
1687,1687,Newitt,Findlay
1688,1688,Rogister,Dixie
1689,1689,Pettwood,Madelin
1690,1690,Threadgill,Heather
1691,1691,Segeswoeth,Manda
1692,1692,Solomonides,Jermain
1693,1693,Docharty,Chloe
1694,1694,Pacey,Chauncey
1695,1695,Tinmouth,Calvin
1696,1696,Du Pre,Stacy
1697,1697,Hacker,Cecily
1698,1698,Lockart,Seka
1699,1699,Flippelli,Keene
1700,1700,Fauguel,Leonardo
1701,1701,Donnelly,Cate
1702,1702,Moxham,Sly
1703,1703,Dominetti,Arabel
1704,1704,Pechan,Corrie
1705,1705,Clipston,Ringo
1706,1706,Mitcheson,Kelley
1707,1707,Pomeroy,Glynnis
1708,1708,Margrie,Gusella
1709,1709,Gaenor,Brady
1710,1710,Verlinde,Darsey
1711,1711,Fakeley,Brodie
1712,1712,Izakovitz,Wells
1713,1713,McTerlagh,Ebeneser
1714,1714,Beaford,Camile
1715,1715,Battleson,Jaquith
1716,1716,Tripney,Adara
1717,1717,Burdell,Calli
1718,1718,Delgardo,Claiborn
1719,1719,Sevitt,Erastus
1720,1720,Panks,Quinton
1721,1721,Wyburn,Leodora
1722,1722,Pennicott,Rochelle
1723,1723,Giacopazzi,Louise
1724,1724,Dunsford,Tannie
1725,1725,Girth,Aksel
1726,1726,Burgot,Valina
1727,1727,Vanner,Rosalinda
1728,1728,O'Flaverty,Dorita
1729,1729,Capnor,Virginia
1730,1730,Mawdsley,Shannon
1731,1731,Laurie,Anstice
1732,1732,Maun,Reinold
1733,1733,Coldrick,Silvano
1734,1734,Western,Sally
1735,1735,Maslin,Lela
1736,1736,Eaglen,Tonia
1737,1737,Abrahamowitcz,Lynnette
1738,1738,Grabiec,Hanni
1739,1739,Seys,Tiena
1740,1740,Swalwell,Paulita
1741,1741,Barstock,Juanita
1742,1742,Hadland,Lucine
1743,1743,Marrill,Caryl
1744,1744,Mc Ilory,Federico
1745,1745,Purdon,Quinn
1746,1746,Bruhnke,Ara
1747,1747,Botger,Aloin
1748,1748,Pates,Michaela
1749,1749,Gilligan,Kattie
1750,1750,Davidek,Audry
1751,1751,Drohan,Alice
1752,1752,Headon,Jodi
1753,1753,Bertlin,Bevon
1754,1754,Bengtsen,Nara
1755,1755,Francklin,Quinlan
1756,1756,Reichardt,Mikel
1757,1757,Le Sieur,Dayle
1758,1758,Sambath,Walt
1759,1759,Guillart,Paulina
1760,1760,Mutimer,Mischa
1761,1761,Leall,Erik
1762,1762,Downgate,Reginald
1763,1763,Sorrill,Tate
1764,1764,Fisbburne,Dotti
1765,1765,Seamon,Marjie
1766,1766,Kilbey,Elisha
1767,1767,Amner,Sherye
1768,1768,Kretschmer,Humfried
1769,1769,Hugo,Immanuel
1770,1770,Coxhead,Ursala
1771,1771,Clementel,Conchita
1772,1772,Eubank,Carita
1773,1773,Tolomio,Daffie
1774,1774,Birdwhistle,Fannie
1775,1775,Masdon,Phil
1776,1776,Speere,Ryan
1777,1777,Mellody,George
1778,1778,Paolucci,Etan
1779,1779,Stanistrete,Ashien
1780,1780,Kemp,Mala
1781,1781,Bolzen,Opaline
1782,1782,Nurse,Nate
1783,1783,Pietrusiak,Woodman
1784,1784,Lissaman,Ricca
1785,1785,Durtnall,Lucias
1786,1786,Guy,Tilda
1787,1787,O'Codihie,Sky
1788,1788,Wreakes,Joane
1789,1789,Michie,Katerine
1790,1790,Allingham,Karine
1791,1791,Dudny,Wilt
1792,1792,Dawnay,Sisile
1793,1793,Winham,Crosby
1794,1794,Murkitt,Kata
1795,1795,Abramsky,Shaine
1796,1796,Deaconson,Emlynn
1797,1797,Matuska,Vincent
1798,1798,Delue,Cobb
1799,1799,Dommett,Myrtia
1800,1800,Jellicorse,Albertine
1801,1801,Garretson,Guilbert
1802,1802,Ord,Pauline
1803,1803,Pagelsen,Eda
1804,1804,Allsworth,Alexander
1805,1805,Widdop,Benedikta
1806,1806,Soots,Demetre
1807,1807,Martine,Cleavland
1808,1808,Kovelmann,Peyter
1809,1809,Windas,Ellis
1810,1810,Noble,Gunther
1811,1811,Breeds,Aggi
1812,1812,Aleksich,Gail
1813,1813,Dudlestone,Rosie
1814,1814,Georger,Claiborn
1815,1815,Lorenzetto,Farah
1816,1816,Lyles,Tommy
1817,1817,Fifield,Devonne
1818,1818,Beneyto,Kristal
1819,1819,Bessell,William
1820,1820,Clampin,Barbie
1821,1821,Cowden,Kasey
1822,1822,Skoof,Ivette
1823,1823,Ions,Byram
1824,1824,Lennard,Pietrek
1825,1825,Humbee,Jacobo
1826,1826,Adelman,Devonna
1827,1827,Beake,Timmie
1828,1828,Winfrey,Wanids
1829,1829,Jozwiak,Mala
1830,1830,Crouch,Dorella
1831,1831,Harbron,Drusi
1832,1832,Forrester,Elvis
1833,1833,Saladine,Seline
1834,1834,Davey,Clary
1835,1835,Layson,Seth
1836,1836,Posse,Bryna
1837,1837,Flicker,Amanda
1838,1838,Gaunson,Carmencita
1839,1839,Roughsedge,Winthrop
1840,1840,Schohier,Patrice
1841,1841,Craney,Vivianne
1842,1842,Giercke,Blake
1843,1843,Heald,Miguelita
1844,1844,Braven,Wendall
1845,1845,Kemmish,Carmine
1846,1846,Pinyon,Patsy
1847,1847,Bennellick,Bobbette
1848,1848,Chalcroft,Jess
1849,1849,Skeath,Nickolaus
1850,1850,Cruddas,Kizzee
1851,1851,Benardet,Hervey
1852,1852,Wolstenholme,Theodosia
1853,1853,Davidi,Gardie
1854,1854,Ferenc,Chase
1855,1855,Andriulis,Blondy
1856,1856,Huck,Cirstoforo
1857,1857,Leed,Neddy
1858,1858,Episcopi,Trixi
1859,1859,Verner,Randa
1860,1860,Tibbetts,Hercules
1861,1861,Bloodworth,Kerrill
1862,1862,Lyver,Vera
1863,1863,Puckham,Lenette
1864,1864,Kisbee,Mimi
1865,1865,Freeburn,Gardie
1866,1866,Eric,Angie
1867,1867,Turbayne,Hattie
1868,1868,Schroeder,Bonnee
1869,1869,Jerred,Barney
1870,1870,Barfford,Conny
1871,1871,Battin,Gregory
1872,1872,Dohmann,Easter
1873,1873,Hanaby,Roderick
1874,1874,Shemmans,Hershel
1875,1875,Flement,Patience
1876,1876,Armell,Gunter
1877,1877,Heffer,Nikolai
1878,1878,O'Kinedy,Tabatha
1879,1879,Normanville,Karla
1880,1880,Fitkin,Frants
1881,1881,Connerly,Elysha
1882,1882,Syseland,Lurline
1883,1883,Blaszczyk,Purcell
1884,1884,Dugdale,Danila
1885,1885,Williamson,Addia
1886,1886,Hance,Joanna
1887,1887,Brockbank,Grace
1888,1888,Schwandt,Stephine
1889,1889,Corwood,Ardys
1890,1890,Brithman,Port
1891,1891,Jones,Shermy
1892,1892,Tirone,Ilaire
1893,1893,Callaby,Edwin
1894,1894,Molen,Augustus
1895,1895,Callaby,Lesly
1896,1896,Simion,Giordano
1897,1897,MacPeice,Rosalinde
1898,1898,Pray,Kelci
1899,1899,Glennie,Siward
1900,1900,Milhench,Natal
1901,1901,Cortin,Fran
1902,1902,Richold,Mari
1903,1903,Robke,Alexander
1904,1904,McGeorge,Luce
1905,1905,Mallett,Kikelia
1906,1906,Wilman,Kennith
1907,1907,Carnachen,Rana
1908,1908,MacAindreis,Kimberly
1909,1909,Naden,Latrina
1910,1910,Matousek,Baron
1911,1911,Musto,Lucie
1912,1912,Rubenov,Georgena
1913,1913,Easson,Estella
1914,1914,Organ,Willie
1915,1915,McCanny,Othello
1916,1916,Lardnar,Sofia
1917,1917,Grodden,Aigneis
1918,1918,Samwell,Law
1919,1919,Baudassi,Caryn
1920,1920,Rechert,Elianore
1921,1921,Sollitt,Maggi
1922,1922,Dreng,Pebrook
1923,1923,Jakubowski,Keven
1924,1924,Henriksson,Sallee
1925,1925,McCloid,Norry
1926,1926,Storm,Abelard
1927,1927,Cottage,Ferrell
1928,1928,Waker,Ivar
1929,1929,Thraves,Alexio
1930,1930,Gurery,Derward
1931,1931,O'Dyvoie,Delora
1932,1932,Keeping,Kylila
1933,1933,Shepcutt,Mitchell
1934,1934,Gillison,Adam
1935,1935,Angliss,Wendi
1936,1936,Lightning,Che
1937,1937,Guarnier,Beaufort
1938,1938,Filler,Gustavus
1939,1939,Bull,Emmalynn
1940,1940,Stowell,Dill
1941,1941,Brozsset,Elvira
1942,1942,Antyukhin,Lion
1943,1943,Bruin,Vanni
1944,1944,Bess,Weston
1945,1945,Machen,Carlo
1946,1946,Glennon,Dennie
1947,1947,Bollini,Valeda
1948,1948,Zottoli,Irv
1949,1949,Furminger,Hynda
1950,1950,Norcliff,Stace
1951,1951,Vallens,Kelley
1952,1952,Nendick,Coretta
1953,1953,Yapp,Peggi
1954,1954,Fayre,Maressa
1955,1955,Sellek,Auguste
1956,1956,Meryett,Brandon
1957,1957,Muckian,Glenda
1958,1958,Titchmarsh,Pieter
1959,1959,Cardew,Freddi
1960,1960,Trower,Dulce
1961,1961,Glandon,Malanie
1962,1962,Hearse,Brod
1963,1963,Smelley,Orel
1964,1964,Bigadike,Gloriane
1965,1965,Brandrick,Uriel
1966,1966,Awton,Joline
1967,1967,Comford,Cloris
1968,1968,Klessmann,Nickolaus
1969,1969,Gerling,Maressa
1970,1970,Pankhurst.,Nikos
1971,1971,Endicott,Timmy
1972,1972,Thunnerclef,Marlane
1973,1973,Blount,Doretta
1974,1974,Livoir,Daniela
1975,1975,Samms,Zaria
1976,1976,Creggan,Bendick
1977,1977,Edwins,Gregorio
1978,1978,Trowl,Marj
1979,1979,Staniforth,Ronni
1980,1980,Vink,Arthur
1981,1981,Catcheside,Gabbie
1982,1982,Kilfether,Mackenzie
1983,1983,Setch,Fayette
1984,1984,Cashley,Jacquelin
1985,1985,Claisse,Daven
1986,1986,Manley,Marijo
1987,1987,Woolcocks,Norry
1988,1988,McKomb,Lovell
1989,1989,Bragge,Marius
1990,1990,Thyng,Verge
1991,1991,Ruslen,Cathe
1992,1992,Amps,Rufus
1993,1993,Morsey,Ola
1994,1994,Sayse,Marietta
1995,1995,Warman,Juliane
1996,1996,Ballsdon,Cosimo
1997,1997,Oughtright,Gaynor
1998,1998,Ohm,Jeremiah
1999,1999,Gianolini,Myranda
2000,2000,Karolewski,Perice
2001,2001,Andrzejak,Byran
2002,2002,Tumber,Kipp
2003,2003,Jaszczak,Kennan
2004,2004,Vicent,Thorn
2005,2005,Sirette,Joell
2006,2006,Chidgey,Kathrine
2007,2007,Mongan,Bianka
2008,2008,Dando,Carlyn
2009,2009,Ruprechter,Pearla
2010,2010,Damp,Brodie
2011,2011,Kinzel,Rory
2012,2012,Boas,Symon
2013,2013,Glowacz,Gerek
2014,2014,Chatain,Mycah
2015,2015,Prestner,Dagny
2016,2016,Gasson,Delcina
2017,2017,Bellas,Jason
2018,2018,Vondracek,Lotta
2019,2019,Mitchelmore,Ellary
2020,2020,Birch,Ariana
2021,2021,Leighfield,Patric
2022,2022,Blackboro,Joyan
2023,2023,de Vaen,Lyda
2024,2024,Burde,Kristos
2025,2025,Swidenbank,Rachelle
2026,2026,Rowledge,Adaline
2027,2027,Overpool,Alie
2028,2028,Prestner,Khalil
2029,2029,Cheevers,Herold
2030,2030,Nosworthy,Marlowe
2031,2031,Conws,Linda
2032,2032,Peerless,Waring
2033,2033,Kollas,Slade
2034,2034,Malkie,Stephanie
2035,2035,Timmens,Madelon
2036,2036,Strickland,Kally
2037,2037,Ceschelli,Fionna
2038,2038,Schrinel,Cate
2039,2039,Jollye,Evelin
2040,2040,Auchinleck,Louise
2041,2041,Goard,Denyse
2042,2042,Trevillion,Milt
2043,2043,Risso,Augustina
2044,2044,Shiril,Danny
2045,2045,Chamberlen,Ceciley
2046,2046,Ivimy,Tristan
2047,2047,Hardern,Cecilio
2048,2048,Griffen,Averil
2049,2049,Pergens,Atlante
2050,2050,Durston,Kris
2051,2051,Renak,Julia
2052,2052,Fundell,Ariadne
2053,2053,Gilpin,Ileana
2054,2054,Rochelle,Elinor
2055,2055,Bleby,Fredia
2056,2056,Reijmers,Othello
2057,2057,Cayford,Tades
2058,2058,Lednor,Lorene
2059,2059,Ziemsen,Sherye
2060,2060,Reubbens,Nanette
2061,2061,Ghidini,Wayland
2062,2062,Moorey,Gaston
2063,2063,MacCarrick,Sammy
2064,2064,Canape,Ilise
2065,2065,Rhelton,Neilla
2066,2066,Porter,Gavan
2067,2067,Gaggen,Rhonda
2068,2068,Jephson,Napoleon
2069,2069,Zarfati,Amii
2070,2070,Aurelius,Creight
2071,2071,BoHlingolsen,Augustus
2072,2072,Kuhnke,Mead
2073,2073,Rosewarne,Irv
2074,2074,Phillipp,Erica
2075,2075,Benwell,Gill
2076,2076,Smuth,Oriana
2077,2077,Doughtery,Thorstein
2078,2078,Lonie,Tami
2079,2079,Hadlow,Francine
2080,2080,Dyott,Shannon
2081,2081,Purbrick,Nevin
2082,2082,Lamers,Waneta
2083,2083,Blackhurst,Junie
2084,2084,Hemstead,Faith
2085,2085,Stilgo,Dallon
2086,2086,O'Fallon,Austine
2087,2087,Pittel,Sharla
2088,2088,Count,Rustin
2089,2089,Hubatsch,Alice
2090,2090,Elflain,Derrik
2091,2091,Kalisch,Deb
2092,2092,Chace,Hayes
2093,2093,Deer,Letti
2094,2094,Gracey,Jacquenette
2095,2095,Kershow,Tybalt
2096,2096,Gladwell,Christophorus
2097,2097,Jeschner,Avril
2098,2098,Twist,Dona
2099,2099,Indruch,Harli
2100,2100,Danilenko,Barton
2101,2101,Gircke,Jacklyn
2102,2102,Bare,Wilhelmine
2103,2103,Steggles,Stacie
2104,2104,Tatam,Hagan
2105,2105,Zannolli,Aloysius
2106,2106,Allwright,Tonie
2107,2107,Teers,Aland
2108,2108,Curry,Anatola
2109,2109,Andrini,Lynnette
2110,2110,Kloster,Cull
2111,2111,Torre,Britt
2112,2112,Ferrotti,Cherianne
2113,2113,Ambrozewicz,Gavan
2114,2114,Klausen,Maxi
2115,2115,Kauffman,Hilton
2116,2116,Innwood,Lyell
2117,2117,Low,Sheri
2118,2118,Huleatt,Algernon
2119,2119,Sturman,Jobye
2120,2120,Derdes,Franklin
2121,2121,Mussolini,Roseann
2122,2122,Twinborne,Berny
2123,2123,Trask,Janis
2124,2124,Duckerin,Morten
2125,2125,Jaffray,Sosanna
2126,2126,Dumke,August
2127,2127,Slucock,Henryetta
2128,2128,Drewitt,Florie
2129,2129,Forten,Holly-anne
2130,2130,Andrzej,Murial
2131,2131,Waddington,Jedidiah
2132,2132,Jaquemar,Tedd
2133,2133,Colls,Kevin
2134,2134,Landrick,Andrew
2135,2135,Pereira,Timon
2136,2136,Whitbread,James
2137,2137,Clitherow,Fletcher
2138,2138,Samwaye,Sebastian
2139,2139,Hambric,Stephen
2140,2140,Almeida,Nero
2141,2141,Dablin,Axel
2142,2142,Elfes,Gary
2143,2143,Pottery,Quinn
2144,2144,Kilvington,Kevin
2145,2145,Barbara,Thomas
2146,2146,Lyman,Lee
2147,2147,Oldrey,Ryan
2148,2148,Powling,Callum
2149,2149,Hartgill,August
2150,2150,Wheatcroft,Melvin
2151,2151,Iamittii,Forrest
2152,2152,Borgesio,Carlos
2153,2153,Browncey,Hu
2154,2154,Kyne,Carter
2155,2155,Sterzaker,Aladdin
2156,2156,Kemshell,Isaac
2157,2157,Greggs,Mufutau
2158,2158,Lowden,Merrill
2159,2159,Everest,Sylvester
2160,2160,Pittock,Buckminster
2161,2161,Larratt,Calvin
2162,2162,Normansell,Bevis
2163,2163,Frandsen,Gregory
2164,2164,Bridgeland,Kennedy
2165,2165,Dunkerton,Simon
2166,2166,Kears,Allen
2167,2167,Warbey,Garrison
2168,2168,De La Haye,Philip
2169,2169,Blaydon,Xanthus
2170,2170,Lyon,Malachi
2171,2171,Pescott,Dexter
2172,2172,Berwick,Alan
2173,2173,Coleby,Palmer
2174,2174,Swatradge,Jermaine
2175,2175,Benet,Cairo
2176,2176,Rilton,Clarke
2177,2177,Bertwistle,Nasim
2178,2178,Ortner,Baxter
2179,2179,Fairrie,Graiden
2180,2180,Hawksworth,Bert
2181,2181,Josifovitz,Vladimir
2182,2182,O'Noland,Emerson
2183,2183,Haps,Timothy
2184,2184,Wretham,Simon
2185,2185,Dumingos,Kirk
2186,2186,Baudon,Xavier
2187,2187,Lawlor,Drake
2188,2188,Tarbath,Zahir
2189,2189,Flett,Darius
2190,2190,Impett,Dorian
2191,2191,Parkhouse,Victor
2192,2192,Mitro,Kenneth
2193,2193,Lathbury,Rooney
2194,2194,Patient,Abbot
2195,2195,Edmeads,Merritt
2196,2196,Oliveras,Ryan
2197,2197,Callaby,Adam
2198,2198,Cousans,Nasim
2199,2199,Garrioch,Conan
2200,2200,Townrow,Silas
2201,2201,Marquand,Reed
2202,2202,Hufton,Aaron
2203,2203,Sarfati,Allistair
2204,2204,Caulket,Stewart
2205,2205,Caen,Quamar
2206,2206,De Fraine,Jelani
2207,2207,Crallan,Thane
2208,2208,Apark,Igor
2209,2209,Sedgebeer,Hakeem
2210,2210,Wallsam,Lev
2211,2211,Bloxsum,Carl
2212,2212,Wesgate,Calvin
2213,2213,Almey,Tucker
2214,2214,Birdall,Amery
2215,2215,Moorfield,James
2216,2216,Brien,Lucas
2217,2217,Stockdale,Burke
2218,2218,Sinnott,Oleg
2219,2219,Dumbrall,Thaddeus
2220,2220,Zoane,Patrick
2221,2221,Thorpe,Zephania
2222,2222,Sherrocks,David
2223,2223,Hethron,Jonah
2224,2224,Jaffra,Blaze
2225,2225,Riglar,Dexter
2226,2226,Demaid,Jeremy
2227,2227,Abramamovh,Cairo
2228,2228,Durran,Malachi
2229,2229,Olechnowicz,Dane
2230,2230,Bresnen,Gil
2231,2231,Kubatsch,Phelan
2232,2232,Atger,Alan
2233,2233,Boother,Cody
2234,2234,Brownett,Ashli
2235,2235,Honeywood,Cecil
2236,2236,McKeney,Eve
2237,2237,Franzotto,Gayleen
2238,2238,Volleth,Flo
2239,2239,Casale,Whitney
2240,2240,MacDowal,Tamiko
2241,2241,Damiral,Eda
2242,2242,Leydon,Phillida
2243,2243,Stevenson,Freddy
2244,2244,Barracks,Sal
2245,2245,Hamerton,Kendall
2246,2246,Cadge,Alexandra
2247,2247,Betser,Lettie
2248,2248,Rylatt,Rickie
2249,2249,Faudrie,Renata
2250,2250,Odger,Burgess
2251,2251,Douse,Eustace
2252,2252,Amaya,Orv
2253,2253,Gemlett,Doralyn
2254,2254,Brannan,Trevar
2255,2255,Hanson,Eleanora
2256,2256,Bromont,Babara
2257,2257,Cornfoot,Edie
2258,2258,Swinbourne,Rafa
2259,2259,Weiser,Kelsey
2260,2260,Gristwood,Tymon
2261,2261,Piddlehinton,Delcina
2262,2262,Badby,Barrett
2263,2263,Lucas,Herta
2264,2264,Downey,Cinderella
2265,2265,McGaughie,Georgena
2266,2266,Checketts,Cori
2267,2267,Extence,Frasquito
2268,2268,Milmoe,Erhard
2269,2269,O'Codihie,Aldon
2270,2270,Saltman,Alfonse
2271,2271,Tirrell,Stanislaus
2272,2272,Westnage,Clint
2273,2273,Telezhkin,Eran
2274,2274,Ballsdon,Nedda
2275,2275,Blamey,Nikki
2276,2276,Cordova,Jayme
2277,2277,Lougheed,Stanly
2278,2278,Barta,Aharon
2279,2279,Vasilkov,Freddy
2280,2280,Forsbey,Sigvard
2281,2281,Major,Amalea
2282,2282,McCreary,Fredric
2283,2283,Rothert,Barbey
2284,2284,Musico,Gayle
2285,2285,Proschke,Elisha
2286,2286,Wase,Marty
2287,2287,Prisley,Rufe
2288,2288,Bollins,Aggy
2289,2289,Jodlowski,Arnoldo
2290,2290,Vasiliev,Sosanna
2291,2291,Lakenton,Leta
2292,2292,Cowell,Walliw
2293,2293,Bernetti,Jen
2294,2294,Coaten,Chaddie
2295,2295,Coronas,Marris
2296,2296,Boutellier,Caty
2297,2297,Castangia,Izabel
2298,2298,Bony,Trefor
2299,2299,Cockshutt,Jim
2300,2300,Clague,Avrom
2301,2301,Popeley,Erhart
2302,2302,Stradling,Penny
2303,2303,Pringer,Brit
2304,2304,Walstow,Sebastian
2305,2305,Tracey,Sascha
2306,2306,Caddan,Fifine
2307,2307,Dreng,Trudey
2308,2308,Banbrigge,Evita
2309,2309,Horney,Natka
2310,2310,Ferrey,Dorene
2311,2311,O'Connel,Norbert
2312,2312,Dobbie,Frasier
2313,2313,Jackes,Kalila
2314,2314,Merrien,Katina
2315,2315,De Matteis,Ivar
2316,2316,Beattie,Harriott
2317,2317,Maris,Kendrick
2318,2318,Elves,Gilberte
2319,2319,Hubber,Iggie
2320,2320,Sidey,Morgen
2321,2321,Uzelli,Darlene
2322,2322,Ibel,Janeen
2323,2323,Ashford,Aurlie
2324,2324,Haversham,Charissa
2325,2325,Daverin,Garret
2326,2326,Clitherow,Luciana
2327,2327,Sebyer,Niven
2328,2328,Aronson,Cchaddie
2329,2329,Elwill,Hailey
2330,2330,Fender,Marsiella
2331,2331,Robun,Renelle
2332,2332,McEttigen,Antons
2333,2333,Dabes,Bonni
2334,2334,Pullin,Annie
2335,2335,Thornebarrow,Pearl
2336,2336,Schankel,Dolores
2337,2337,Lowis,Merill
2338,2338,Firby,Nefen
2339,2339,Hucks,Darice
2340,2340,Whitington,Rowland
2341,2341,Isac,Culver
2342,2342,Height,Byron
2343,2343,Shales,Melesa
2344,2344,Longmaid,Creighton
2345,2345,Gledhill,Joyce
2346,2346,Gitthouse,Marci
2347,2347,Ashment,Gwendolin
2348,2348,Klement,Norbert
2349,2349,Mitchinson,Fredrika
2350,2350,Eary,Talia
2351,2351,Edwards,Marla
2352,2352,Pascho,Nita
2353,2353,Matthieson,Josiah
2354,2354,Dumbar,Desmund
2355,2355,Esland,Win
2356,2356,Gabotti,Obed
2357,2357,Fernyhough,Lissy
2358,2358,Paulat,Elmer
2359,2359,Durdy,Sutherland
2360,2360,Le Borgne,Bertrand
2361,2361,Holtham,Kara
2362,2362,Heinsh,Charlotta
2363,2363,Peracco,Teresina
2364,2364,Scay,Kendricks
2365,2365,Ellcome,Bobbe
2366,2366,Clarridge,Zora
2367,2367,Clewlowe,Eli
2368,2368,McArdell,Rosemarie
2369,2369,Kemetz,Cassius
2370,2370,Keitch,Daryle
2371,2371,Coveney,Barbey
2372,2372,Sully,Kevyn
2373,2373,Rosenhaupt,Gail
2374,2374,Silkston,Davine
2375,2375,Charer,Ivor
2376,2376,Hoyte,Valli
2377,2377,Willgress,Timmy
2378,2378,Lock,Walsh
2379,2379,Pender,Concettina
2380,2380,Lynn,Franky
2381,2381,Ouldcott,Meredithe
2382,2382,Guerreiro,Sanson
2383,2383,Michael,Fianna
2384,2384,Fleckness,Gino
2385,2385,Bullick,Nicoli
2386,2386,Copsey,Irvine
2387,2387,Beggs,Melisent
2388,2388,Strange,Humberto
2389,2389,Spaice,Dorelia
2390,2390,O'Grogane,Dunstan
2391,2391,Pirri,Anna-diane
2392,2392,Debney,Chariot
2393,2393,Moye,Kerwinn
2394,2394,Hatzar,Walliw
2395,2395,Gouldeby,Roderich
2396,2396,O'Cleary,Nanon
2397,2397,Fuzzens,Bea
2398,2398,Comoletti,Rici
2399,2399,Domenico,Osborn
2400,2400,McKibbin,Netta
2401,2401,Padden,Skye
2402,2402,De Francisci,Ephrayim
2403,2403,Trencher,Ingra
2404,2404,Trelevan,Ursuline
2405,2405,Althrope,May
2406,2406,Deavin,Garrik
2407,2407,Salvin,Rozelle
2408,2408,Matyashev,Adan
2409,2409,Cyson,Osbourne
2410,2410,Bignal,Normand
2411,2411,Kik,Barbee
2412,2412,Pirt,Lacee
2413,2413,Jendas,Gene
2414,2414,Cheesman,Rory
2415,2415,Swindall,Huntington
2416,2416,Dain,Franky
2417,2417,Andrysek,Wait
2418,2418,Pietroni,Desdemona
2419,2419,Pickerin,Sayer
2420,2420,Aspland,Leona
2421,2421,Redding,Casey
2422,2422,Storck,Freedman
2423,2423,Watson-Brown,Sunshine
2424,2424,Le Gallo,Kaylil
2425,2425,Trebilcock,Leonore
2426,2426,Skoggings,Graehme
2427,2427,Jefferys,Dannel
2428,2428,Rzehorz,Yvor
2429,2429,Abramchik,Dode
2430,2430,Blankau,Gaynor
2431,2431,Edgworth,Shaylyn
2432,2432,Keningham,Nannette
2433,2433,Brislawn,Itch
2434,2434,Avrahamof,Marika
2435,2435,Shitliffe,Mil
2436,2436,Pimlott,Nonna
2437,2437,Beharrell,Ky
2438,2438,Cyples,Amaleta
2439,2439,Kyles,Kerri
2440,2440,Kinder,Gennifer
2441,2441,Cope,Franni
2442,2442,Baumert,Imogen
2443,2443,Gatehouse,Nickey
2444,2444,Aldhouse,Catherin
2445,2445,Allmann,Rozamond
2446,2446,Lindbergh,Illa
2447,2447,Tincknell,Heather
2448,2448,Hickford,Lara
2449,2449,Hartford,Gardie
2450,2450,Hugin,Phyllys
2451,2451,Ranson,Pierrette
2452,2452,Jarrad,Adler
2453,2453,Praundlin,Cordy
2454,2454,Pawlowicz,Rice
2455,2455,Peoples,Ariana
2456,2456,Fiddy,Flem
2457,2457,McVie,Camila
2458,2458,Iacoviello,Elayne
2459,2459,Pitblado,Eachelle
2460,2460,Cardenosa,Dulsea
2461,2461,Duchant,Egan
2462,2462,Piggins,Melodie
2463,2463,Rough,Odelle
2464,2464,Mengo,Troy
2465,2465,Rummer,Octavius
2466,2466,Handrek,Shandy
2467,2467,See,Heath
2468,2468,Allix,Chad
2469,2469,Hickisson,Koo
2470,2470,Pimlett,Derrek
2471,2471,Holcroft,Greg
2472,2472,Haggie,Ichabod
2473,2473,Anniwell,Licha
2474,2474,Carvilla,Kalil
2475,2475,Lafferty,Pammi
2476,2476,Nuzzi,Corliss
2477,2477,Lagne,Leola
2478,2478,Rampley,Reeba
2479,2479,Ferrarone,Ricca
2480,2480,Merricks,Gracia
2481,2481,South,Faythe
2482,2482,Minker,Gracia
2483,2483,Rude,Gal
2484,2484,Wilman,Gaye
2485,2485,Cowing,Rutger
2486,2486,Angel,Merry
2487,2487,Davidi,Nataline
2488,2488,Aymes,Mada
2489,2489,Richens,Randolph
2490,2490,Cracoe,Iona
2491,2491,Geerdts,Joan
2492,2492,Malim,Drusilla
2493,2493,Doumer,Aura
2494,2494,Wegenen,Goldy
2495,2495,Aindriu,Tonia
2496,2496,Haly,Ilse
2497,2497,Willshere,Kettie
2498,2498,Fiske,Dante
2499,2499,Nobes,Cassandra
2500,2500,Clinning,Lola
2501,2501,Kelberman,Celisse
2502,2502,Ivatt,Alejandra
2503,2503,Giblin,Chandal
2504,2504,Prestedge,Ilaire
2505,2505,Okenden,Antonina
2506,2506,Gladtbach,Cassondra
2507,2507,Sibbs,Maurita
2508,2508,Fontenot,Jakie
2509,2509,Buie,Issiah
2510,2510,Climer,Fidela
2511,2511,Pagan,Yovonnda
2512,2512,Myatt,Cloe
2513,2513,McQuorkell,Lorie
2514,2514,Stone,Manya
2515,2515,Hammelberg,Talya
2516,2516,Scarsbrook,May
2517,2517,Tummond,Carolus
2518,2518,Thorneywork,Torrin
2519,2519,Burchard,Starla
2520,2520,Siaspinski,Dannie
2521,2521,Hallan,Berthe
2522,2522,Hagan,Diannne
2523,2523,Cressar,Louise
2524,2524,Thompson,Ingeberg
2525,2525,Colman,Emmy
2526,2526,Croyser,Ophelie
2527,2527,Hellis,Joni
2528,2528,Duetsche,Dorine
2529,2529,Viggers,Dwayne
2530,2530,Chorlton,Rosemary
2531,2531,Yurenev,Aila
2532,2532,MacGiolla,Court
2533,2533,MacMaykin,Waring
2534,2534,Bulfit,Janelle
2535,2535,Causier,Rubetta
2536,2536,Habercham,Ross
2537,2537,Cadogan,Sergei
2538,2538,Stockill,Brannon
2539,2539,Everly,Stoddard
2540,2540,Gilardi,Monah
2541,2541,Gras,Skip
2542,2542,Guest,Garvy
2543,2543,Abbs,Johnathan
2544,2544,Jerram,Pepe
2545,2545,Rosendall,Elaine
2546,2546,Kores,Gearalt
2547,2547,Skehan,Clark
2548,2548,Alton,Caralie
2549,2549,Bone,Brnaba
2550,2550,Benadette,Giffy
2551,2551,Grayley,Vernice
2552,2552,Grisedale,Malanie
2553,2553,Raspison,Doy
2554,2554,Rennolds,Catha
2555,2555,MacDuff,Wilek
2556,2556,Zamora,Latia
2557,2557,Phaup,Clara
2558,2558,Balsom,Darius
2559,2559,Haycraft,Ignazio
2560,2560,Trehearne,Ava
2561,2561,Keniwell,Milzie
2562,2562,Earlam,Gerek
2563,2563,Burnyeat,Mel
2564,2564,Crookston,Mikol
2565,2565,Schottli,Burnaby
2566,2566,Judd,Deborah
2567,2567,Reuble,Ira
2568,2568,Ovenden,Lauraine
2569,2569,Pepper,Lissa
2570,2570,Marwood,Aprilette
2571,2571,Derges,Meir
2572,2572,Plitz,Mikkel
2573,2573,Peirpoint,Isabelita
2574,2574,Heisler,Rodrick
2575,2575,Londors,Tarrance
2576,2576,Marsie,Benedict
2577,2577,Pinyon,Renado
2578,2578,Colebourne,Cooper
2579,2579,Milliken,Rachele
2580,2580,Baily,Enos
2581,2581,Heckle,Eduard
2582,2582,Gunstone,Jill
2583,2583,Strettle,Caresa
2584,2584,Obington,Barb
2585,2585,Measey,Pinchas
2586,2586,Walworth,Shellie
2587,2587,Stebbings,Kellie
2588,2588,Walkden,Mariann
2589,2589,Boarder,Sheba
2590,2590,Cussons,Caresse
2591,2591,Guerner,Winslow
2592,2592,O'Moylane,Quinn
2593,2593,Barca,Bridgette
2594,2594,Saltern,Blisse
2595,2595,Pichmann,Forrest
2596,2596,Obin,Alaster
2597,2597,Zorzini,Arabela
2598,2598,Venable,Jermaine
2599,2599,Attarge,Bevan
2600,2600,Fussell,Carine
2601,2601,Kitchen,Sibyl
2602,2602,Riggeard,Harmony
2603,2603,Keoghan,Aubrey
2604,2604,Rouchy,Dionisio
2605,2605,Rottger,Nikos
2606,2606,Boler,Wakefield
2607,2607,McEnhill,Wilona
2608,2608,Kain,Melisenda
2609,2609,Dyche,Pattie
2610,2610,Guild,Matias
2611,2611,Fosken,Thatch
2612,2612,Keavy,Jilli
2613,2613,Barltrop,Floris
2614,2614,O'Hannigan,Kip
2615,2615,Lesor,Marielle
2616,2616,Hullot,Phaedra
2617,2617,Filler,Rubetta
2618,2618,Pook,Andros
2619,2619,Pedrozzi,Eustacia
2620,2620,Elvin,Clayborne
2621,2621,MacGaughey,Law
2622,2622,Yeatman,Nicolas
2623,2623,Adams,Niel
2624,2624,Arnet,Donaugh
2625,2625,Rew,Ashely
2626,2626,Caverhill,Karlen
2627,2627,Bailiss,Brynna
2628,2628,Lauridsen,Andreas
2629,2629,Horbath,Cissiee
2630,2630,Spaven,Allx
2631,2631,Leggin,Lorita
2632,2632,Sodo,Hayes
2633,2633,Buterton,Corey
2634,2634,Bullene,Adi
2635,2635,Matschek,Loraine
2636,2636,Di Frisco,Lionello
2637,2637,Vanyakin,Roobbie
2638,2638,Downing,Danita
2639,2639,Sarrell,Renee
2640,2640,Cusack,Barbette
2641,2641,Dmych,Wade
2642,2642,Mapstone,Vyky
2643,2643,Sheal,Oren
2644,2644,Sweatland,Bathsheba
2645,2645,Jeffreys,Judith
2646,2646,Rangall,Indira
2647,2647,Hein,Niccolo
2648,2648,Wolfendale,Isadore
2649,2649,Munro,Edik
2650,2650,Steen,Elliot
2651,2651,Speers,Philbert
2652,2652,Marklow,Tarrance
2653,2653,Vann,Lola
2654,2654,De Freyne,Horace
2655,2655,Llopis,Phylis
2656,2656,Pappin,Harley
2657,2657,Deverick,Alden
2658,2658,Fawdrey,Daniela
2659,2659,Kinworthy,Angie
2660,2660,Dalman,Egan
2661,2661,Larkings,Celina
2662,2662,Beinke,Pearle
2663,2663,Trewin,Querida
2664,2664,Cashell,Dawn
2665,2665,Fitchew,Elena
2666,2666,Hartlebury,Gal
2667,2667,McFadin,Hamil
2668,2668,Macauley,Harriet
2669,2669,De Malchar,Rhoda
2670,2670,Harmant,Gilbertina
2671,2671,Sliman,Lurette
2672,2672,Alves,Katya
2673,2673,Byre,Micki
2674,2674,Snepp,Manolo
2675,2675,Churching,Taddeusz
2676,2676,Houseley,Giffie
2677,2677,Kirsch,Tilda
2678,2678,Habble,Danna
2679,2679,Simmings,Tracey
2680,2680,Haselhurst,Eal
2681,2681,Pennicott,Nikaniki
2682,2682,Bellison,Xymenes
2683,2683,Gledhill,Lula
2684,2684,De Lorenzo,Marjorie
2685,2685,Peffer,Hurleigh
2686,2686,Krystof,Hamid
2687,2687,Slidders,Tim
2688,2688,Ellingworth,Patsy
2689,2689,Kinch,Anni
2690,2690,Thowes,Fionnula
2691,2691,Rorke,Eunice
2692,2692,Tarpey,Willa
2693,2693,Eardley,Jill
2694,2694,Madden,Orelee
2695,2695,Howman,Seamus
2696,2696,McGerr,Davidde
2697,2697,Reyner,Sonia
2698,2698,Smallpiece,Wallie
2699,2699,Loyns,Novelia
2700,2700,Surmeyers,Patsy
2701,2701,Kinavan,Deeanne
2702,2702,Tapsfield,Reba
2703,2703,Caff,Betsy
2704,2704,Wyllis,Alick
2705,2705,Reinbeck,Clerc
2706,2706,Tabord,Son
2707,2707,Coaten,Blake
2708,2708,Bentson,Koo
2709,2709,Lahy,Calv
2710,2710,Sailor,Rebe
2711,2711,Bealing,Patric
2712,2712,Bushnell,Boycie
2713,2713,Boddington,Gerome
2714,2714,Holmyard,Falkner
2715,2715,Chasmor,Moina
2716,2716,Rime,Ferris
2717,2717,McQuilty,Colline
2718,2718,MacComiskey,Griselda
2719,2719,Paulig,Thatcher
2720,2720,Giannasi,Gilles
2721,2721,Clears,Madonna
2722,2722,Brearley,Jennette
2723,2723,Lawles,Rowan
2724,2724,Reading,Renault
2725,2725,Iacobo,Ivette
2726,2726,Woolland,Shanna
2727,2727,Manvelle,Darsey
2728,2728,Beau,Willis
2729,2729,Hunstone,Viviyan
2730,2730,Gorrissen,Suzi
2731,2731,Loidl,Johnnie
2732,2732,Hartopp,Nananne
2733,2733,Boothby,Corenda
2734,2734,Loache,Hillary
2735,2735,Nathan,Erny
2736,2736,Nottingham,Sutherlan
2737,2737,Tapper,Enos
2738,2738,Hultberg,Daphene
2739,2739,Petrolli,Antonina
2740,2740,Spatarul,Gerry
2741,2741,Betham,Cymbre
2742,2742,Aspole,Kerr
2743,2743,Earngy,Sasha
2744,2744,Woolfitt,Devinne
2745,2745,Cochrane,Lora
2746,2746,Gatch,Vassili
2747,2747,Lingwood,Alvinia
2748,2748,Proback,Kalila
2749,2749,Paike,Damita
2750,2750,Burdytt,Norina
2751,2751,Fores,Orion
2752,2752,Skunes,Jermain
2753,2753,Ramsdell,Alfreda
2754,2754,Collis,Neely
2755,2755,Serotsky,Milzie
2756,2756,Dopson,Keeley
2757,2757,Feehan,Willow
2758,2758,Worham,Julie
2759,2759,Farrand,Marianna
2760,2760,Shepherd,Fernando
2761,2761,Ascroft,Claire
2762,2762,Haggis,Emelda
2763,2763,Bard,Thaine
2764,2764,McGrorty,Goldarina
2765,2765,Prangley,Rafaello
2766,2766,Burbudge,Grethel
2767,2767,Fennelow,Levin
2768,2768,Glantz,Ode
2769,2769,Calcut,Zorana
2770,2770,Greaterex,Killy
2771,2771,Semiraz,Timothea
2772,2772,Sevier,Teresina
2773,2773,Limb,Ethelin
2774,2774,McQuarter,Sigrid
2775,2775,Taree,Sonya
2776,2776,Gidman,Lib
2777,2777,Rapper,Wainwright
2778,2778,McManus,Joey
2779,2779,Peckett,Giralda
2780,2780,McLellan,Gianni
2781,2781,Chillistone,Edyth
2782,2782,Dudding,Brianna
2783,2783,Cragg,Dar
2784,2784,Pullar,Happy
2785,2785,Ellingford,Peggie
2786,2786,Oda,Zsazsa
2787,2787,De Angelo,Francene
2788,2788,Kolakowski,Darsie
2789,2789,Launder,Nessie
2790,2790,Summerson,Olwen
2791,2791,Higgan,Mimi
2792,2792,Yelyashev,Lila
2793,2793,Hemms,Bride
2794,2794,Dunwoody,Hunfredo
2795,2795,Wapol,Georgie
2796,2796,Bedbrough,Uta
2797,2797,Slamaker,Keefer
2798,2798,Janusz,Letizia
2799,2799,Absolem,Brantley
2800,2800,Ismead,Che
2801,2801,Andreoletti,Levey
2802,2802,Anscott,Elonore
2803,2803,Garrud,Brit
2804,2804,Beneyto,Tripp
2805,2805,Huckell,Meredithe
2806,2806,McGavin,Rodger
2807,2807,Krolman,Octavius
2808,2808,Hazael,Reidar
2809,2809,Girsch,Christi
2810,2810,Ratnage,Philipa
2811,2811,Dmitrievski,Giffie
2812,2812,Loncaster,Hedwiga
2813,2813,Bantham,Anson
2814,2814,Costa,Rafaela
2815,2815,Gamlen,Brewster
2816,2816,Bonass,Cordi
2817,2817,Klimecki,Briny
2818,2818,Kierans,Fax
2819,2819,Annes,Maryjo
2820,2820,Wannan,Kimberly
2821,2821,Avieson,Nappy
2822,2822,Ringsell,Marketa
2823,2823,Kimbrey,Malena