last_name,first_name
Niece,Yancey
Keogh,Lianne
Pitbladdo,Juliette
Enefer,Billy
Luter,Rabbi
Baddow,Almeria
Emps,Jan
Sharland,Clem
Crates,Janelle
Hartman,Xavier
Joutapavicius,Caroline
Ricard,Beltran
Wolledge,Mabelle
Dommerque,Nev
Lanney,Jareb
Broodes,Dulciana
Fines,Caro
Zywicki,Darin
Trussler,Dulce
McGuinness,Nicole
Jakov,Linc
Leas,Cosme
Gwynn,Charil
Shorland,Leo
Bartomieu,Price
Hencke,Christie
Yielding,Odey
Gowing,Linda
Pimblett,Skip
MacGettigen,Nora
Yakobovitz,Ruperta
Coleyshaw,Emylee
Cassely,Jaquelyn
Farrears,Bessy
Donaho,Sergei
Ivanonko,Ephraim
Schaben,Wilfrid
Samms,Ethelbert
Wickwarth,Eadith
Colles,Timmie
Hazeldean,Leodora
Twizell,Maris
Dinnies,Turner
Ouldcott,Camille
Thorrington,Alex
Bish,Joanne
Olander,Monte
Mapplebeck,Iver
Tarquinio,Katti
Avann,Ingeberg
Drover,Prudy
Dodle,Donall
Morteo,Jamison
Bauldrey,Nancy
Frediani,Maxim
Woods,Mic
Casely,Rona
Primak,Karlan
Ruffles,Jamison
Rebanks,Merl
Moggie,Corena
Siley,Chaunce
Lux,Benjie
Becarra,Kaycee
Sacchetti,Harp
Reditt,Rianon
Tonry,Hendrik
Gemmill,Shirl
Chaulk,Claiborn
Ciardo,Sophronia
Disbrow,Ole
Presidey,Ike
Lejeune,Pen
Kuhne,Tamas
Bowen,Nealson
Leith,Morgen
Woodson,Kaja
Grieveson,Chevy
Lundon,Ellsworth
Plewes,Matthaeus
Yarn,Greer
Strettell,Carlyle
Duffin,Mel
Cowden,Ricca
Jochanany,Page
Arnaud,Gavra
Paulon,Laraine
Trustie,Kassandra
O'Carmody,Elisabet
Scutts,Berti
Allsep,Laurice
Fudge,Ardyce
Basnett,Siegfried
Dealey,Lee
Scrace,Richard
Lecount,Ardenia
Tring,Humfrid
Bathow,Diane
Kittoe,Marijn
Dodd,Roseanne
Gibben,Becky
Turmall,Rhona
Lunt,Giavani
Brandham,Jillie
Kirwin,Tadeas
Gledstane,Berk
Styles,Cord
Daenen,Janaye
Marioneau,Cyb
Prydie,Eva
Bruton,Lelah
De Gregario,Jules
Worts,Micah
McFeat,Sterling
Randle,Ede
McOwan,Gran
Ravilus,Valentine
Imlen,Cy
Lismer,Bridgette
Baggett,Robin
Barck,Paquito
Glendinning,Bea
Seak,Kendrick
Paulsson,Dolli
Folini,Beryl
Forster,Weidar
Petford,Linn
Ayto,Jordanna
Sycamore,Nydia
Cooksley,Kat
Massei,Emmett
Townshend,Annie
Turner,Melody
Mertin,Hasty
Marishenko,Wendie
Renneke,Marga
Shera,Jordain
Walesby,Germain
Fronek,Bord
Cords,Shirlene
Livett,Kakalina
Halloran,Cicily
Curd,Niko
Whiteland,Esme
Petyakov,Denni
Guerre,Misha
Jedras,Hank
Dawton,Yard
Shireff,Johannah
Langhorn,Byram
Scrace,Mellicent
Draayer,Odele
Slaymaker,Leeanne
Thomlinson,Dianne
Exroll,Averell
Toal,Mimi
Seyler,Ansley
McPhate,Luciano
Isaksson,Daron
Teggart,Purcell
Mayow,Myrna
Wigginton,Nadya
Hesbrook,Alva
Badsworth,Tanner
Esselen,Sean
Harrington,Vida
Ellph,Shelia
Quirk,Juana
Giacovetti,Letitia
Elven,Clarisse
Folke,Bastian
Cranton,Trumann
Minnock,Billie
Kitman,Armstrong
Ryson,Emanuele
Hotton,Maximo
Avann,Abigale
Schubuser,Oralee
Kybert,Kaycee
Cesaric,Fred
Satford,Torrance
Yakunkin,Inesita
Taffurelli,Buffy
Rappoport,Jozef
Morlon,Brina
Eborn,Elvis
Sharvell,Brandon
Foffano,Tarra
Oganian,Koo
Pitkeathley,Kare
Izkovitz,Sadella
Cuthbert,Ollie
Moyse,Janetta
Tarbox,Giusto
Geelan,Alisander
Brentnall,Gannon
Tollet,Anneliese
Vamplew,Hammad
Sentinella,Hedvig
Rubinowitch,Chip
Beers,Honoria
Loft,Abbye
Gaddes,Britte
Shields,Brandy
Mole,Maitilde
McCreery,Hynda
Hynes,Hyacinthe
Thairs,Correy
Postance,Britney
Justun,Edward
Vaulkhard,Ronalda
Ormiston,Duff
Varnals,Marianna
Crannis,Brigida
Elkins,Avie
Dat,Farrah
Godthaab,Garrett
Guiver,Henrietta
Duferie,Roderick
Senechell,Pam
Snibson,Dolores
Carn,Cordie
Coenraets,Alvin
Rishbrook,Keelia
Korpal,Chris
Penson,Ofella
Schollar,Alexandros
Durbyn,Raviv
Wyvill,Cornell
Keirle,Jock
Klejin,Roscoe
Argile,Alane
Chansonne,Jesselyn
Amer,Pattie
Clayton,Demetris
Darrigone,Melva
Lyosik,Faun
Demeza,Olive
Daughton,Martguerita
Houseago,Shani
McMenamie,Thayne
Hallam,Cairistiona
Isakovic,Harman
Denny,Bess
Cornick,Lane
Raddon,Ola
Aven,Ross
Deinhard,Phillida
Vasler,Corty
Kneebone,Ede
Conneely,Darryl
Arundell,Zebulen
Krelle,Irma
Ties,Gilberte
Slograve,Eadie
Grieves,Glenine
Delepine,Selina
Shimon,Abbi
Phripp,Faustine
Shower,Stern
Marjot,Heinrick
Bice,Valida
Kohnen,Bayard
Grierson,Tedd
Gerssam,Eberhard
Niblett,Angelo
Sleeman,Hinze
Barthrup,Chevalier
McKeachie,Richard
Batchelour,Gayleen
Longdon,Alys
Cordelet,Hersh
Janata,Lynn
Exroll,Corrina
Martinetto,Danielle
Chislett,Jeno
Duckerin,Ellynn
Goodisson,Earle
Bruun,Katerina
Renachowski,Parrnell
Simester,Torrance
Lynas,Baillie
Rolance,Ambros
Moyer,Cart
Godfroy,Calhoun
Joubert,Joice
Vassall,Guillemette
Gimblet,Cristine
Cutteridge,Kelley
Braam,Lisette
Furzey,Danie
Simmins,Witty
Thaim,Hewe
Jotham,Sydel
Klulisek,Corry
Doswell,Lillian
Burtwhistle,Tobe
Dwight,Meryl
Maddra,Lona
Sergeant,Annie
Morant,Kyrstin
Gosker,Blinnie
Gaspard,Letti
Abrahamsen,Lauryn
Mitchelson,Darice
Scogings,Brigitta
Spight,Cloris
Mosdill,Nealy
Zanni,Shaylynn
Condit,Cy
Sprionghall,Zeb
Kubanek,Dedie
Studholme,Forester
Sawrey,Lynea
Habbijam,Daryl
Cauley,Brandie
Lawrenceson,Peder
Zink,Mandel
McCafferky,Mercy
Naulty,Dorrie
Doge,Maybelle
Gillbee,Jenifer
Blazevic,Adela
Willwood,Zack
Rebillard,Tarah
Estable,Dory
Vergo,Marina
Bellord,Malanie
Jahncke,Tasia
Girod,Pietra
Chelsom,Rhodia
Fullylove,Colette
Blackett,Ludovico
Stanyland,Carlotta
Hands,Forester
Childerley,Virginia
Collip,Harper
Mechic,Emmalynn
Doxsey,Nona
Feak,Wilmer
Burghall,Enriqueta
Quantrell,Bobbie
MacElroy,Celie
Dalling,Kaye
Adamson,Odille
Hutton,Arin
Diggles,Nevsa
Wishkar,Burnard
Piggen,Phylys
Scoterbosh,Blinni
Keyes,Drew
Allabush,Hobart
Ruperti,Aubrette
Guilloud,Brandais
Theodore,Towny
Malden,Alejoa
Doumer,Helen
Thorowgood,Arney
Ladd,Ivie
D'Hooghe,Katy
Feldmesser,Shaine
Warrilow,Gerardo
Schellig,Jarad
Chin,Hailee
Redgrave,Kirstin
Ferreras,Malinda
Sponer,Eachelle
Minty,Cloe
Drezzer,Tiffani
McTavy,Dave
Bevens,Baxter
Briston,Shel
Allitt,Archaimbaud
Maryska,Fairlie
Sollas,Meir
Whieldon,Matilda
Sheering,Gilbertina
Koop,Quintilla
Tulley,Katlin
Saines,Georgianna
Vamplew,Nicolette
Mash,Amelia
Solway,Cleopatra
Strevens,Paule
Ramberg,Ade
Chastey,Justino
Corradengo,Evin
Holdforth,Jeffy
Roubay,Birk
Herley,Eadie
Bramhill,Timmy
D'Antoni,Pamela
Oaker,Tova
Roomes,Stinky
Karran,Ashlin
Prescott,Roxi
Battman,Hy
Stouther,Zia
Thews,Jan
Yoell,Gwendolyn
Dymott,Bibbye
Tondeur,Jessamyn
Brithman,Myrlene
Semechik,Jean
Di Bernardo,Mano
Connikie,Nicol
Bernardet,Norrie
Simounet,Mickie
Le Fleming,Donica
Rottger,Smitty
Polendine,Abbie
Drewson,Damian
Hesser,Mandi
Le Marquis,Leontyne
Thomas,Reiko
Conn,Clay
Goggey,Ewart
Hagerty,Jere
Fishburn,Leonidas
Overal,Kareem
Burel,Andreas
Mapes,Suzy
Senechell,Vaughan
Healeas,Vale
Dagworthy,Gualterio
Gurling,Una
Bownass,Josy
Latan,Standford
Lowy,Culver
Flintoffe,Bryn
Twede,Case
Birney,Gleda
Djokic,Sarine
Fadell,Juanita
Groves,Martina
Weatherhogg,Ddene
Brough,Brand
Liddall,Jonas
Diamond,Noland
Rickeard,Yankee
Khomich,Melly
Hirtzmann,Flory
Hucke,Augusto
Inkles,Briana
Waters,Juliet
Daniello,Clemens
Habble,Nicole
Pett,Janella
Attac,Monte
Tregunna,Rhea
Reye,Anitra
Yole,Valerie
Cassam,Alford
Crimes,Chris
Norval,Stinky
Pachmann,Guido
Bourner,Shirleen
Hawthorn,Karoline
Somes,Kathy
Cray,Matty
Hanlon,Ricardo
Paske,Gerhardine
Frediani,Drake
Musterd,Callean
Daviot,Lilian
Parris,Stefano
Anfosso,Calli
MacTeague,Zacharia
Sparsholt,Arel
Bourbon,Flinn
Meconi,Cindelyn
Blachford,Leigh
Wellen,Miller
Whitehall,Alfy
Nanninini,Kaiser
Mordin,Hyman
Kornilov,Klarrisa
Stothart,Remy
Jest,Finley
Saben,Linnet
Walkingshaw,Margaret
D'Antonio,Mariska
Copland,Karina
Kalkhoven,Erhart
Drohane,Ethyl
Russo,Jeanie
Oakwell,Aurelie
Leaton,Toni
Compton,Kirby
Brannan,Moreen
Luthwood,Lynnet
Durrance,Karmen
Vandrill,Natasha
Kubecka,Hayward
Block,Carey
Haliburton,Arliene
Faich,Maxim
Keese,Dick
Gosney,Jennie
Kinig,Boote
Engelmann,Blinny
Sunnucks,Dianne
Tooting,Dara
Rallin,Storm
Tomaszkiewicz,Cherye
Cawt,Farah
Snashall,Bennie
Hourihane,Pammie
Ives,Thaddus
Jerromes,Janel
Arnow,Jolie
Hirtzmann,Tuckie
Zukierman,Kizzee
Batchan,Lazarus
Sigfrid,Brigg
Banton,Cornelia
Futty,Selina
Zanetto,Woody
Brodeur,Abby
Navan,Maureene
Dowty,Shandy
Scamadin,Kaspar
Cardus,Lissi
Roberto,Guss
Crutcher,Milissent
Belvard,Marian
Laister,Harriot
McCann,Llewellyn
Warton,Goldy
Schoroder,Gerry
Nutting,Aaren
Teare,Ulla
Hourstan,Idalia
Comsty,Valentia
Heatherington,Raoul
Clarke-Williams,Auria
Simpkiss,Margot
Flucks,Merle
Althorpe,Bank
Musico,Ravi
Garriock,Emmerich
Munkton,Zacharias
Piggins,Charmine
Kittow,Keven
Bignold,Joelie
Karppi,Millicent
Hugle,Liza
Andretti,Alane
Blincow,Darryl
Robson,Dannie
Gifkins,Tome
Lortzing,Claudian
Chatenet,Othilie
Leafe,Ralph
Pietri,Denis
Quoit,Abbye
Richmont,Kendrick
Suttell,Stephenie
Cargo,Estelle
Leither,Mortimer
Spyer,Jessamyn
Borrel,Germaine
Szach,Lauri
Stonman,Chip
Saphir,Tye
Mozzini,Anni
Beauvais,Den
Curness,Ivie
Aldine,Gran
Izac,Merrill
Ashness,Cherry
Thorn,Candie
Jepperson,Rafaelia
Kitchenman,Blancha
Peasegod,Darcy
McAuslan,Maddy
Bleas,Corri
Odde,Daryl
Barthelemy,Siana
Piggins,Gus
Carslaw,Jermaine
Petchell,Olga
Iacobucci,Nickolas
Campelli,Lory
Stait,Querida
Haxbie,Cathy
Bachs,Gerrard
Pidgley,Woodman
Somerlie,Collin
Bracegirdle,Baily
Bradley,Pavlov
Tolson,Ranee
Allott,Wandis
Snoxall,Cori
Stanbra,Leona
Gerdts,Beck
McElvogue,Staffard
Roma,Alameda
Markham,Storm
Noice,Terrill
Mickleborough,Clerkclaude
Pettinger,Nickolaus
Adamiec,Vickie
Soppit,Carlene
Gammade,Standford
Manuel,Godfry
Runnacles,Benedikt
Screas,Hayden
Datte,Mitzi
Grimwood,Carlie
Otton,Meggi
Bazire,Juieta
Caddies,Tuckie
Petrowsky,Farr
Antushev,Constancy
Conyers,Sarajane
Crain,Silvio
Trett,Langsdon
Eleshenar,Clemmie
Prawle,Kristoforo
Luberto,Winn
Cordelle,Vonny
Flanigan,Dasie
Zuan,Dre
Goldman,Joyann
Trimbey,Kienan
Ledram,Jacki
Shemmans,Angelique
Davion,Gaspard
Taynton,Janetta
Gasker,Shell
Stirtle,Eimile
Dufaire,Daniella
Kisby,Galina
Chaudret,Rory
Guppie,Gnni
Wardhaugh,Noelle
McCrisken,Fredra
Haddy,Devlen
Hawkyens,Cornie
Huckett,Quincy
Grocott,Mamie
Burnage,Karyn
Paxforde,Isabelita
Tamblyn,Rosalia
Redsall,Artur
Cudbird,Gannie
Rollingson,Zea
Swinnard,Bil
Studde,Jeromy
Andriessen,Sorcha
Hindenburg,Ignacio
Acomb,Ezra
Cristofolo,Sayre
Guerreru,Silvan
Fieldgate,Beryle
Aylesbury,Welsh
Cole,Lucilia
Marklin,Dorris
Rottery,Teodoro
Wroth,Nathanil
Agett,Niki
Muscroft,Saw
Tosspell,Ignace
Riche,Anett
Winwood,Audry
Payler,Bernette
Burrel,Toni
Killerby,Willetta
Normaville,Isidora
Ference,Erminie
Cockcroft,Alaric
Bonfield,Ivonne
Wohler,Maximilien
Tash,Domenico
Stansell,Rosy
Schukraft,Nappy
Scone,Sheff
Davidou,Dona
Donegan,Dennis
Abela,Haskell
Gherarducci,Faun
Snoxall,Chadd
Rollingson,Glad
Andersson,Sasha
Sherar,Elisabetta
Slimme,Dionisio
Theobalds,Aila
Dirand,Scot
Cano,Dorry
Pickworth,Craig
Neiland,Hedvig
Memory,Filia
Johanssen,Sherill
Sturm,Theo
But,Tedman
Rizzelli,Nessa
Benstead,Ameline
Howels,Boycey
Ivanin,Jessalin
Ianniello,Lon
Hargreaves,Lindsey
Coolbear,Trueman
Piris,Kirk
Roskam,Filippo
Regan,Gabriellia
MacGruer,Jobey
Ricardo,Rikki
Slowley,Edan
McKinney,Bendicty
Claypoole,Meir
Dewen,Reinhard
MacAlpin,Mareah
Sweed,Otho
Bansal,Dyane
Morrall,Samuel
Searight,Frans
Aslie,Dugald
Murrock,Maura
Kiln,Bobby
Bodman,Kristen
Lawtey,Aubrey
Aizik,Lesli
Facer,Marve
Ert,Marylee
Chezelle,Dosi
Antognetti,Tommy
McGloin,Bat
Eldred,Taryn
Froom,Marty
Largan,Romeo
Klimt,Goldia
Kingsnod,Shae
Forde,Desdemona
Orneles,Pacorro
Andres,Harris
Hamlet,Maudie
McPhilip,Meggi
Merveille,Herman
Govett,Rosaline
Pratley,Eldin
Delmage,Rickard
Mates,Rickey
Scoular,Marci
Harryman,Patricio
Hennington,Papageno
Brand,Lelah
Snooks,Merle
Joddens,Ernesta
Aberdein,Rubi
Archdeacon,Bern
Duckitt,Cash
Beecraft,Kristofer
Court,Rubia
Jermin,Euphemia
Faye,Benedicto
Spadotto,Zia
Poultney,Daniella
Dymond,Kikelia
Ochiltree,Emlynne
Cool,Darlene
Bassil,Daryl
Wykes,Foster
Yakubovics,Bondie
Guage,Rollin
Duns,Adrianne
Egentan,Neddy
De Mattia,Shayne
Stoffels,Tabb
Fleetham,Jami
Rhymer,Elva
Aers,Teddi
Thornton-Dewhirst,Morena
Maciak,Kimbra
Teresia,Cindee
Sime,Clifford
Seivertsen,Alicea
Teml,Bertine
Raccio,Bellina
Blagdon,Fae
Karlsson,Buddy
Heijnen,Willy
Geibel,Jeremy
Bobasch,Layla
Norcross,Guthry
Kilbourne,Nicol
Haskayne,Mathilda
Hayers,Devonna
Clausen,Mord
Gladdifh,Tom
Henrot,Kikelia
Foxwell,Jasmin
Helian,Shelbi
Deniseau,Arden
Brabyn,Ermentrude
McCard,Ransell
Proudley,Jerrilyn
Darlaston,Giorgi
Mulvagh,Cassandre
Matijevic,Felic
Tyrwhitt,Sutherlan
O'Scannill,Nikolas
De Biasi,Risa
Baack,Erminia
Antonio,Lilli
Jacquemet,Hyacinth
Sharkey,Shanna
Roaf,Kaiser
Randle,Elvera
Eveling,Urbanus
Phoenix,Germain
Woolard,Ofelia
Napier,Maria
Wallentin,Sutherland
Rubie,Felipa
Crackett,Meir
Houlridge,Willard
Dulton,Letisha
Ygoe,Joyan
O'Shields,Rockie
Sweetland,Elaine
Pestor,Wolfy
Hayzer,Lizzie
MacSkeaghan,Barbabas
Ingrem,Darrell
Espinosa,Callida
Deniso,Ruthy
Bettlestone,Carlota
Hamnet,Joshia
Treadaway,Marcia
Breed,Barr
McCrystal,Ynes
Kinningley,Ruthe
Geraudel,Jewelle
Jefferies,Ryann
Smitherman,Sandie
Labrom,Keri
Archibold,Angelique
Vidineev,Ivor
Baskett,Talia
Gritland,Roseann
Chesson,Suzanne
Dodson,Gaynor
Whawell,Michell
Ralling,Isadora
Hazelhurst,Lorrin
Thrush,Elinor
Rolingson,Ron
Gowling,Gerrie
Hatfield,Chiquita
Grayshon,Vicki
Stading,Marsiella
Tomasini,Aaron
Zarfai,Ellene
Cage,Gaile
Plaunch,Cami
Inston,Ricardo
Kulis,Jude
Scorah,Crawford
Ghiron,Sherlocke
Masserel,Nomi
Lum,Licha
Isenor,Luciano
Wartnaby,Nicholle
McJerrow,Ainslie
Civitillo,Bard
Pantone,Cortie
Biggs,Illa
Lattos,Katheryn
Tregust,Tyne
Forrestor,Mattie
Dimitrov,Bethena
Bergeau,Marillin
Abdie,Philbert
Paraman,Sarena
Gowry,Morgen
Lynock,Curran
Spreull,Carlina
Greenhough,Alanson
De Biasio,Micheil
Smee,Eolande
Eaklee,Thane
Pendlenton,Anastassia
Hargrave,Rachele
Slayton,Natalina
Ackeroyd,Max
Mulhill,Valenka
Doyley,Alasdair
Giovannilli,Evanne
Jekel,Mace
Pirson,Sarah
Laise,Reinald
Crim,Fawne
Sandiford,Fowler
Almeida,Romeo
Hunte,Cameron
Jevons,Chev
Justice,Anne-corinne
Stonuary,Falito
Wormell,Kevan
Witherow,Myer
Artin,Killian
Marfield,Christan
Browne,Tedie
Wenden,Neilla
Parkin,Eada
De Giovanni,Drugi
Fensome,Erroll
Darycott,Nell
Bonafant,Amil
Gauchier,Fons
McCaughran,Ramona
Gibbs,Caro
Royans,Paulie
Keable,Meredithe
Van Velden,Lorinda
Baack,Fleurette
Cisar,Grace
Loveard,Cathleen
Baise,Sheppard
Tamsett,Janna
Willeman,Eveleen
Iacobini,Ariadne
Frowing,Lester
Abramow,Gretel
Molineux,Salomi
Paddemore,Martina
Lippitt,Pippo
Struss,Brig
Loughren,Marge
Coopman,Feliza
Craigs,Jehu
Thewless,Audy
Greder,Baudoin
Hegg,Judd
Patterfield,Marlie
MacBain,Hermann
Gable,Hollie
Baldi,Fulvia
Lampard,Harper
von Grollmann,Ana
Leckie,Mattias
Belz,Dominick
Queen,Otho
Stegell,Valenka
Kob,Raleigh
Ocheltree,Hamilton
Fortin,Vivienne
Astle,Eddy
Spincks,Charis
Lowth,Gram
Critchley,Taite
Eathorne,Meade
Leser,Sisile
Coulton,Kimberley
Craxford,Shana
Kubicka,Carlin
Isaacs,Findlay
Eglington,Tabby
Ridley,Kathye
Bustard,Shanan
Arrighetti,Tam
Skilton,Masha
Pervoe,Deidre
Guittet,Teriann
Swanston,Dorelle
Gronaller,Mariejeanne
Botterell,Mace
Dorro,Callean
Cordingley,Aryn
Ortzen,Wat
Balding,Hermione
Dudbridge,Ced
Quigg,Maxie
Hun,Walther
Bill,Marysa
Sandeland,Jordan
De Launde,Leigh
Codman,Celle
Greetland,Conni
Gask,Early
Tarbet,Cathy
Eymor,Fredek
Kenwyn,Mano
Henriquet,Odell
Biaggiotti,Constancia
Trigg,Bob
Kleinsinger,Jasmine
Prigg,Kiah
Epinoy,Ricardo
Wildey,Erica
Archbold,Ailyn
Stanistrete,Jefferson
Purver,Amargo
Huggins,Axe
Burberry,Hilly
Vern,Olly
Brookes,Adrienne
Lochet,Ricki
Harbert,Ewell
Pinnere,Joel
Broadway,Timofei
Fealy,Charlena
Keuneke,Randolf
Benneyworth,Papageno
Rummings,Jasun
McRobert,Ada
Rammell,Cam
Santer,Ignacius
Heineke,Cos
Blabey,Rodolph
Jewise,Brett
Rikard,Westbrook
Anscombe,Lilllie
Andreutti,Lane
Moverley,Mycah
Huetson,Devonna
Bleesing,Hi
Larman,Ruddie
Bartzen,Suzann
Munton,Florencia
Garatty,Tulley
Broom,Rosamond
Garritley,Marketa
Stedall,Vasilis
Illsley,Joella
Bortolomei,Margarete
Fazan,Prinz
Furmedge,Jaime
Mizen,Cori
Cotsford,Job
Slora,Dimitry
McGuckin,Sally
Sculpher,Ola
Sannes,Mia
Gorgen,Rafaelia
Ballach,Ingrim
Fishly,Selena
Plum,Hazel
Spieck,Adele
Stutely,Mommy
Nester,Bryan
Skiggs,Brear
Gebuhr,Benni
Leroy,Cordey
Buffy,Alison
Canniffe,Tasha
MacSherry,Ave
Amies,Matthias
Laffranconi,Adan
Brazier,Tommie
Jenton,Brynn
Coyte,Cher
Gonzalo,Kaleb
Corpes,Stormy
Mandel,Wallace
Slowan,Delilah
Risen,Kassandra
Lithcow,Mandie
Cullin,Ilsa
Attryde,Ced
Enrigo,Phebe
Terran,Jere
Danzelman,Eberhard
Sykes,Evelyn
Domotor,Giovanni
Duffell,Angel
Steele,Celisse
Barltrop,Husein
Ubank,Rosella
Jerzycowski,Veronique
Insole,Danna
Lorraine,Nikaniki
Abbys,Willey
Markey,Derry
Peniman,Mitzi
Banham,Jeremias
Trainor,Joelie
Brumham,Pooh
Handes,Jami
Adriaan,Kris
Ding,Aymer
Pitcher,Erasmus
Fader,Errick
Driscoll,Doreen
Gilpin,Reginald
Scarlet,Lionello
Orrill,Griswold
Cornau,Adham
McPhelimey,Nellie
Joly,Ahmad
Scowcraft,Gerome
Killich,Lacy
Strafen,Carleton
Rives,Mariska
Lugg,Tad
Brinded,Giraldo
Phethean,Lorelei
Abbati,Liva
Vaillant,Hussein
Kimmerling,Stephana
Camden,Marcellus
Tour,Cindra
Brunicke,Valencia
Backler,Tabb
Douthwaite,Alasteir
Houselee,Che
Keyte,Erhart
Saiens,Woodman
Feechum,Chet
Chantree,Merrel
Lightollers,Jania
Feldhammer,Domingo
Oxenbury,Ofella
Drews,Willi
Liversley,Edward
Troup,Kit
Druce,Tull
Kofax,Aubrie
Sowden,Andeee
Paynter,Nappy
Beckson,Tedda
Aaronsohn,Jaimie
Hindhaugh,Lorelle
Greeves,Debee
Balderston,Tan
Timmins,Hanni
Yakuntsov,Upton
Haydn,Bridgette
Ricco,Ellene
Batho,Sandy
Hintze,Melita
Itzkovsky,Kalil
Flaunier,Albie
Loveitt,Stephan
Bowles,Willie
Vasentsov,Hazel
Ruberry,Didi
Ferrarone,Maiga
Philipps,Whitman
Chiplen,Brittan
Latehouse,Talbot
Tumelty,Fanni
Brimicombe,Wit
Roache,Sallyann
Gadault,Ninon
Craney,Riki
Roffey,Rodolph
Duffet,Trumann
Ferie,Grove
Donativo,Rania
Mulliner,Shanna
Dommett,Joela
Toovey,Torie
Mulvy,Meade
Castellino,Dana
Francey,Marianne
McGinn,Guendolen
Rosoni,Kandace
Gell,Darline
Ginity,Ramsay
Rainforth,Fredi
Brambill,Siobhan
Sumsion,Bessy
Popham,Madelin
Jezzard,Nada
Drain,Hewitt
Nuzzi,Benedikt
Foskett,Saloma
Larner,Noby
Yitzhakov,Ettore
Cockren,Lindsay
Diem,Wilburt
Maine,Dominick
Dalliwatr,Maximilien
Vasyutichev,Wilfrid
Warboy,Quentin
Cradoc,Ramsay
Esome,Niel
Willgoose,Prescott
Borrell,Marcia
Mathiassen,Beatrice
Farbrother,Sonia
Foxley,Nadeen
Ascrofte,Claudetta
Fish,Roseanna
Espinas,Mathilda
Wooton,Adi
Diego,Meade
Venditti,Nikita
Feaver,Jay
Parramore,Bayard
Hallows,Orv
Malan,Alejandrina
Devorill,Doll
Rearden,Annemarie
Izatson,Nathanial
Greenhill,Matthias
Olivetti,Leland
Pauli,Thedric
Harraway,Maddie
Shawl,Lothaire
Emerton,Susie
Cossam,Angie
Badwick,Chas
Helstrom,Devonne
Blankhorn,Melisenda
Semrad,Amii
Beazley,Joann
Heyburn,Carena
Board,Peri
Salmons,Belvia
Jemmett,Danila
Pim,Cherish
Aleso,Hedda
Hrihorovich,Paige
Overil,Chrysler
Haughan,Vincenz
McCrystal,Leupold
McCritchie,Elissa
Godbold,Kenn
Croyser,Raddie
Pettett,Virgil
Warner,Giusto
Allday,Dagmar
Glasner,Aviva
Flatman,Evonne
Kitchingman,Felice
Merigot,Gaelan
Ligoe,Christoph
Callis,Mariette
Howey,Turner
Pallin,Casper
Gibard,Sallyanne
Sibbald,Myrlene
Sissot,Lezlie
Crates,Leoline
Rohloff,Jaclin
Dodridge,Rooney
Kenelin,Normy
Dakhno,Verge
Grangier,Twyla
Titman,Marty
Van Leeuwen,Zacharie
Tomashov,Berenice
Sainsbury-Brown,Morgun
Murrison,Letti
Dane,Tamra
Walesa,Leonora
Skeldinge,Domeniga
Parlett,Alford
McGlaughn,Stavros
Minelli,Shela
Swatman,Cord
Ortler,Britni
Rawnsley,Rorie
Beaver,Faun
Lamartine,Ansel
Wickendon,Casey
Vinten,Starlin
Paolotto,Mollie
Ledgard,Osborne
Dobbison,Hildagard
Kensitt,Annissa
Claye,Elnar
Lumley,Esteban
Crome,Sherlocke
Brasener,Grover
Landal,Lois
Supple,Irwinn
Whal,Lambert
Caldecot,Ricki
Noweak,Kris
Buckeridge,Staffard
Francello,Nicolina
Nelsey,Hester
Lewin,Riordan
Paskell,Auguste
Ayliffe,Ban
Dran,Chrisse
Robardey,Abbey
Hennington,Duky
Smee,Worthy
Linskey,Twila
Killshaw,Kari
Daftor,Wilie
McLaren,Gusty
Gerkens,Fair
Scimoni,Tate
Farncombe,Addie
Blackaller,Nevil
Gilardengo,Tamqrah
Balcombe,Marcello
Mateev,Phillipe
Gullan,Heriberto
Forst,Zorah
Dunkerly,Pat
Mattiacci,Pearla
MacSween,Danyette
Snelgar,Wood
Remer,Caleb
Sign,Timi
Fairchild,Vinny
Amps,Joshia
Buddleigh,Jaimie
Squibbes,Wilmette
Oughton,Katerina
Buddleigh,Annabell
Grinnov,Goldina
Puckett,Carolynn
Blumfield,Currie
Vance,Filmore
Prattington,Christoph
Legate,Atlante
Laneham,Laney
Yarnton,Madalyn
Keepence,Franchot
Ryves,Beth
Konke,Xylia
Dallas,Banky
Talbot,Mindy
Rickis,Sandie
Badgers,Fenelia
Duggary,Selena
Taylour,Liz
Jandac,Shara
Scutchin,Vin
Manntschke,Morgan
Waye,Morris
Biddulph,Batholomew
Minero,Vera
Pozzi,Alessandra
Kolin,Margalo
Estabrook,Tani
Jellard,Marcus
Sivyour,Lanita
Drynan,Salomi
Jozaitis,Nanon
Kamenar,Parrnell
Duberry,Vincent
Galland,Silva
Bahde,Quincey
Klassman,Way
Headland,Kev
Licciardo,Aldrich
Riley,Lou
Willard,Jenelle
Henryson,Stearn
Greenhow,Meade
Ferrao,Modesta
Bumphries,Alejoa
Huygen,Camile
Godehard.sf,Adams
Yackiminie,Reeta
Banyard,Lavinie
Frankcom,Englebert
Kermath,Leonhard
Gillison,Huberto
Kuschel,Wilfrid
Boog,Kris
Seviour,Mycah
Revening,Jamaal
Chisolm,Eyde
Niesing,Nedi
Knoton,Demeter
Ollivier,Sapphire
Camier,Dory
Withrop,Antonius
Strickler,Rolland
Pyford,Sena
Niessen,Brett
Bernlin,Duke
Outlaw,Risa
Faughey,Brew
Avramovitz,Seward
Dreher,Kellie
Founds,Saloma
Gobel,Chickie
Holtom,Cortney
Capaldo,Clarette
Minigo,Moses
Yersin,Neddy
Wallentin,Gillian
Bartens,Kenyon
Chelsom,Sue
Dominici,Sascha
Davidde,Gay
Champniss,Valentin
Doerr,Jo ann
Tindle,Papageno
Gow,Welsh
Feighney,Mair
Ollivier,Carla
Routledge,Hatty
Fonzo,Beth
Stilling,Pyotr
Martinovic,Jean
Glave,Elia
Geake,Jacinta
Cavee,Garrik
Baton,Shannon
Duckels,Culley
Latour,Klemens
Ghest,Cathlene
D'Antoni,Viole
Sivess,Biddy
Lamball,Constancy
Scrase,Milo
Achromov,Carol
Hollidge,Savina
Kynvin,Letisha
Maleney,Hank
Sweetzer,Viva
Sego,Charmion
Janecek,Sterling
Leppo,Wallie
Waggett,Beilul
Osgood,Gracie
Seamon,Chanda
Borthram,Augustus
Burnham,Theodor
Glencrosche,Jilly
Dudhill,Ollie
Boldecke,Liz
Blees,Rourke
Geerdts,Diego
Huffer,Stirling
Wanjek,Ivory
Trower,Janine
Gibbs,Kirk
Rigmand,Brad
Stanfield,Nolly
Hankin,Benetta
Gibard,Clarisse
Imms,Belicia
Abrahart,Ken
Batcheldor,Mahmoud
Clere,Art
Kohneke,Zack
Roadnight,Agosto
Casellas,Clayborn
McPhelimey,Melba
Girling,Robinette
Loch,Vikky
Flooks,Ardelia
Piotrowski,Gertrud
Sigg,Joelynn
Bilby,Kakalina
Verlinde,Gaylord
Bauldry,Arlin
Cline,Tiebout
Penrith,Chiarra
Gatland,Dwain
Wearn,Serge
Szimoni,Kassey
O' Bee,Judie
Beall,Aloysius
Harrill,Orland
Benge,Damien
Dunster,Dyann
Eastes,Dov
Enrico,Trixi
Greenman,Vance
Tolchard,Reagen
Crosher,Lulita
Castel,Piper
Lill,Hedi
Lemme,Roxanne
Dowdall,Jasmin
Scurlock,Lesley
Spellward,Lotti
Heal,Carri
Belf,Susanetta
Gligoraci,Kristoforo
Greensall,Ashly
Tamburi,Darbee
Casserley,Dulcine
Reaman,Ettore
Gratrix,Meyer
Brown,Alain
De Bruijn,Lauryn
Loft,Jori
Lesser,Lenci
Blabey,Lars
Griniov,Ynez
Syphus,Virgil
Dimmer,Eal
Warburton,Leoine
Hulke,Alexina
Bremner,Eugenia
Dumpleton,Timmi
Davana,Darla
Spatig,Gavrielle
Daftor,Mayor
McArthur,Brigg
Sprott,Toddie
Brighouse,Charity
Marcinkowski,Henrieta
Bushen,Finley
McArthur,Lucienne
Hebson,Ami
Yeo,Carlen
Hegel,Payton
Rojel,Alfred
Minards,Leeanne
Iscowitz,Burt
Northage,Hunt
Jude,Rois
Louch,Emmye
Eyer,Parke
Scothron,Mable
Penni,Darcie
Laviste,Farley
Piel,Percival
Trusty,Nichols
De Ortega,Paolo
Beevor,Osmond
Menier,Roberto
Markwick,Gannie
Rossiter,Moira
Bortolotti,Carol
Druce,Bebe
Lighton,Roobbie
Herity,Trevar
Althorp,Ted
Mathiassen,Prisca
Connew,Godiva
Strickett,Ellsworth
Whittuck,Junie
Egginton,Amalia
Ganiclef,Flynn
Dulanty,Igor
Kirsop,Mureil
James,Malynda
Roskam,Francesca
Merkle,Colet
Tales,Austina
Skull,Trudey
Hurran,Hobard
Bachnic,Agathe
Quant,Sebastien
Robeiro,Hunt
Grimoldby,Babs
McCrisken,Arin
Noble,Broderick
Junkinson,Karin
Terlinden,Bartholemy
Oakeshott,Dylan
Luthwood,Osborn
Plues,Jami
Brocket,Danice
Rioch,Lyn
MacDwyer,Faina
Toth,Nappy
Pionter,Delano
Rembrandt,Filia
Housby,Mariel
Terrington,Kerwinn
Dellenbrook,Estrellita
Roscamp,Mortimer
Joannidi,Akim
Keneleyside,Henka
Restill,Trixi
Batchelder,Xerxes
Vickers,Ephrayim
Mirfield,Blondelle
Hurl,Rockey
Budgey,Melonie
di Rocca,Tully
Suart,Celestyna
Baber,Marabel
Yewdall,Randy
Woodburn,Lynn
Buggs,Hymie
Flannery,Osgood
Ruddy,Luisa
Lumbly,Sean
Prettejohns,Jaquenette
Belli,Friedrich
Jackes,Jilli
McFarland,Meyer
Spikings,Gill
Guillerman,Deena
Hallock,Karlotte
McAnulty,Cindelyn
Rigmond,Bailie
Lindblom,Kale
Godding,Dex
Tudgay,Sherm
D'eath,Alexander
Habbershon,Vincent
Beaston,Hedvig
Gaskamp,Lennie
Le Clercq,Bobbi
Baszkiewicz,Hatti
De Atta,Farrel
Ruggs,Gwendolyn
Duker,Cindi
Hartshorne,Loralee
Lavery,Filmer
Shipley,Iolande
Wase,Sidonnie
Syddall,Nicolette
Potapczuk,Sarge
Bridgestock,Moses
Rushbrooke,Biddie
DeSousa,Waldon
Mayoral,Deanne
Hinchcliffe,Jasper
Seed,Tomasine
Jeandot,Anders
Fey,Marge
Konrad,Joya
Langford,Dannye
Hatchette,Bridie
Fairlem,Kirstin
Fairebrother,Lonnie
Hickinbottom,Rog
Petrazzi,Quintana
Stringman,Fanni
Wraggs,Corri
Studart,Tybie
Muzzillo,Deane
Keeping,Mace
Boow,Antonietta
Hiley,Aldis
Claire,Johannah
Fossett,Jany
Lello,Petronilla
Ransome,Ruben
Lesek,Teddie
Fessions,Sly
Christauffour,Jordanna
McLeman,Ikey
Trahmel,Stephanie
Debow,Monica
Garnam,Vail
Sherwyn,Nappie
Guthrum,Emlynn
Cheese,Veda
Pheasant,Marin
Knowller,Roldan
Hayller,Shea
Tibald,Jessie
Brimham,Shannen
Northfield,Mariette
Stollenhof,Lorin
McCluney,Eunice
Romayn,Gretna
Kolczynski,Kimble
Huston,Silvie
Mazdon,Sampson
Checci,Eldon
Greenhall,Netty
Spurrier,Bibi
Cooling,Maddalena
Beckey,Margarete
Danilowicz,Fabiano
Rannald,Cassi
Giannasi,Gary
Pidduck,Carlin
Taffie,Farica
Blunt,Alyosha
Redholes,Lisetta
Emma,Ardyce
Anstead,Octavia
Trow,Mick
Fredson,Mireielle
Healeas,Kania
Glendzer,Sim
Chawkley,Alisander
Schuricke,Ekaterina
Macey,Husein
McKune,Petunia
Blowne,Mill
Gelland,Ben
Perkinson,Blondell
Bowley,Meade
Acedo,Cleveland
Pummell,Olly
Gooch,Sofie
Sabie,Newton
Billington,Ivan
Conaghy,Romona
Bettinson,Bea
Kingdon,Viki
Newitt,Findlay
Rogister,Dixie
Pettwood,Madelin
Threadgill,Heather
Segeswoeth,Manda
Solomonides,Jermain
Docharty,Chloe
Pacey,Chauncey
Tinmouth,Calvin
Du Pre,Stacy
Hacker,Cecily
Lockart,Seka
Flippelli,Keene
Fauguel,Leonardo
Donnelly,Cate
Moxham,Sly
Dominetti,Arabel
Pechan,Corrie
Clipston,Ringo
Mitcheson,Kelley
Pomeroy,Glynnis
Margrie,Gusella
Gaenor,Brady
Verlinde,Darsey
Fakeley,Brodie
Izakovitz,Wells
McTerlagh,Ebeneser
Beaford,Camile
Battleson,Jaquith
Tripney,Adara
Burdell,Calli
Delgardo,Claiborn
Sevitt,Erastus
Panks,Quinton
Wyburn,Leodora
Pennicott,Rochelle
Giacopazzi,Louise
Dunsford,Tannie
Girth,Aksel
Burgot,Valina
Vanner,Rosalinda
O'Flaverty,Dorita
Capnor,Virginia
Mawdsley,Shannon
Laurie,Anstice
Maun,Reinold
Coldrick,Silvano
Western,Sally
Maslin,Lela
Eaglen,Tonia
Abrahamowitcz,Lynnette
Grabiec,Hanni
Seys,Tiena
Swalwell,Paulita
Barstock,Juanita
Hadland,Lucine
Marrill,Caryl
Mc Ilory,Federico
Purdon,Quinn
Bruhnke,Ara
Botger,Aloin
Pates,Michaela
Gilligan,Kattie
Davidek,Audry
Drohan,Alice
Headon,Jodi
Bertlin,Bevon
Bengtsen,Nara
Francklin,Quinlan
Reichardt,Mikel
Le Sieur,Dayle
Sambath,Walt
Guillart,Paulina
Mutimer,Mischa
Leall,Erik
Downgate,Reginald
Sorrill,Tate
Fisbburne,Dotti
Seamon,Marjie
Kilbey,Elisha
Amner,Sherye
Kretschmer,Humfried
Hugo,Immanuel
Coxhead,Ursala
Clementel,Conchita
Eubank,Carita
Tolomio,Daffie
Birdwhistle,Fannie
Masdon,Phil
Speere,Ryan
Mellody,George
Paolucci,Etan
Stanistrete,Ashien
Kemp,Mala
Bolzen,Opaline
Nurse,Nate
Pietrusiak,Woodman
Lissaman,Ricca
Durtnall,Lucias
Guy,Tilda
O'Codihie,Sky
Wreakes,Joane
Michie,Katerine
Allingham,Karine
Dudny,Wilt
Dawnay,Sisile
Winham,Crosby
Murkitt,Kata
Abramsky,Shaine
Deaconson,Emlynn
Matuska,Vincent
Delue,Cobb
Dommett,Myrtia
Jellicorse,Albertine
Garretson,Guilbert
Ord,Pauline
Pagelsen,Eda
Allsworth,Alexander
Widdop,Benedikta
Soots,Demetre
Martine,Cleavland
Kovelmann,Peyter
Windas,Ellis
Noble,Gunther
Breeds,Aggi
Aleksich,Gail
Dudlestone,Rosie
Georger,Claiborn
Lorenzetto,Farah
Lyles,Tommy
Fifield,Devonne
Beneyto,Kristal
Bessell,William
Clampin,Barbie
Cowden,Kasey
Skoof,Ivette
Ions,Byram
Lennard,Pietrek
Humbee,Jacobo
Adelman,Devonna
Beake,Timmie
Winfrey,Wanids
Jozwiak,Mala
Crouch,Dorella
Harbron,Drusi
Forrester,Elvis
Saladine,Seline
Davey,Clary
Layson,Seth
Posse,Bryna
Flicker,Amanda
Gaunson,Carmencita
Roughsedge,Winthrop
Schohier,Patrice
Craney,Vivianne
Giercke,Blake
Heald,Miguelita
Braven,Wendall
Kemmish,Carmine
Pinyon,Patsy
Bennellick,Bobbette
Chalcroft,Jess
Skeath,Nickolaus
Cruddas,Kizzee
Benardet,Hervey
Wolstenholme,Theodosia
Davidi,Gardie
Ferenc,Chase
Andriulis,Blondy
Huck,Cirstoforo
Leed,Neddy
Episcopi,Trixi
Verner,Randa
Tibbetts,Hercules
Bloodworth,Kerrill
Lyver,Vera
Puckham,Lenette
Kisbee,Mimi
Freeburn,Gardie
Eric,Angie
Turbayne,Hattie
Schroeder,Bonnee
Jerred,Barney
Barfford,Conny
Battin,Gregory
Dohmann,Easter
Hanaby,Roderick
Shemmans,Hershel
Flement,Patience
Armell,Gunter
Heffer,Nikolai
O'Kinedy,Tabatha
Normanville,Karla
Fitkin,Frants
Connerly,Elysha
Syseland,Lurline
Blaszczyk,Purcell
Dugdale,Danila
Williamson,Addia
Hance,Joanna
Brockbank,Grace
Schwandt,Stephine
Corwood,Ardys
Brithman,Port
Jones,Shermy
Tirone,Ilaire
Callaby,Edwin
Molen,Augustus
Callaby,Lesly
Simion,Giordano
MacPeice,Rosalinde
Pray,Kelci
Glennie,Siward
Milhench,Natal
Cortin,Fran
Richold,Mari
Robke,Alexander
McGeorge,Luce
Mallett,Kikelia
Wilman,Kennith
Carnachen,Rana
MacAindreis,Kimberly
Naden,Latrina
Matousek,Baron
Musto,Lucie
Rubenov,Georgena
Easson,Estella
Organ,Willie
McCanny,Othello
Lardnar,Sofia
Grodden,Aigneis
Samwell,Law
Baudassi,Caryn
Rechert,Elianore
Sollitt,Maggi
Dreng,Pebrook
Jakubowski,Keven
Henriksson,Sallee
McCloid,Norry
Storm,Abelard
Cottage,Ferrell
Waker,Ivar
Thraves,Alexio
Gurery,Derward
O'Dyvoie,Delora
Keeping,Kylila
Shepcutt,Mitchell
Gillison,Adam
Angliss,Wendi
Lightning,Che
Guarnier,Beaufort
Filler,Gustavus
Bull,Emmalynn
Stowell,Dill
Brozsset,Elvira
Antyukhin,Lion
Bruin,Vanni
Bess,Weston
Machen,Carlo
Glennon,Dennie
Bollini,Valeda
Zottoli,Irv
Furminger,Hynda
Norcliff,Stace
Vallens,Kelley
Nendick,Coretta
Yapp,Peggi
Fayre,Maressa
Sellek,Auguste
Meryett,Brandon
Muckian,Glenda
Titchmarsh,Pieter
Cardew,Freddi
Trower,Dulce
Glandon,Malanie
Hearse,Brod
Smelley,Orel
Bigadike,Gloriane
Brandrick,Uriel
Awton,Joline
Comford,Cloris
Klessmann,Nickolaus
Gerling,Maressa
Pankhurst.,Nikos
Endicott,Timmy
Thunnerclef,Marlane
Blount,Doretta
Livoir,Daniela
Samms,Zaria
Creggan,Bendick
Edwins,Gregorio
Trowl,Marj
Staniforth,Ronni
Vink,Arthur
Catcheside,Gabbie
Kilfether,Mackenzie
Setch,Fayette
Cashley,Jacquelin
Claisse,Daven
Manley,Marijo
Woolcocks,Norry
McKomb,Lovell
Bragge,Marius
Thyng,Verge
Ruslen,Cathe
Amps,Rufus
Morsey,Ola
Sayse,Marietta
Warman,Juliane
Ballsdon,Cosimo
Oughtright,Gaynor
Ohm,Jeremiah
Gianolini,Myranda
Karolewski,Perice
Andrzejak,Byran
Tumber,Kipp
Jaszczak,Kennan
Vicent,Thorn
Sirette,Joell
Chidgey,Kathrine
Mongan,Bianka
Dando,Carlyn
Ruprechter,Pearla
Damp,Brodie
Kinzel,Rory
Boas,Symon
Glowacz,Gerek
Chatain,Mycah
Prestner,Dagny
Gasson,Delcina
Bellas,Jason
Vondracek,Lotta
Mitchelmore,Ellary
Birch,Ariana
Leighfield,Patric
Blackboro,Joyan
de Vaen,Lyda
Burde,Kristos
Swidenbank,Rachelle
Rowledge,Adaline
Overpool,Alie
Prestner,Khalil
Cheevers,Herold
Nosworthy,Marlowe
Conws,Linda
Peerless,Waring
Kollas,Slade
Malkie,Stephanie
Timmens,Madelon
Strickland,Kally
Ceschelli,Fionna
Schrinel,Cate
Jollye,Evelin
Auchinleck,Louise
Goard,Denyse
Trevillion,Milt
Risso,Augustina
Shiril,Danny
Chamberlen,Ceciley
Ivimy,Tristan
Hardern,Cecilio
Griffen,Averil
Pergens,Atlante
Durston,Kris
Renak,Julia
Fundell,Ariadne
Gilpin,Ileana
Rochelle,Elinor
Bleby,Fredia
Reijmers,Othello
Cayford,Tades
Lednor,Lorene
Ziemsen,Sherye
Reubbens,Nanette
Ghidini,Wayland
Moorey,Gaston
MacCarrick,Sammy
Canape,Ilise
Rhelton,Neilla
Porter,Gavan
Gaggen,Rhonda
Jephson,Napoleon
Zarfati,Amii
Aurelius,Creight
BoHlingolsen,Augustus
Kuhnke,Mead
Rosewarne,Irv
Phillipp,Erica
Benwell,Gill
Smuth,Oriana
Doughtery,Thorstein
Lonie,Tami
Hadlow,Francine
Dyott,Shannon
Purbrick,Nevin
Lamers,Waneta
Blackhurst,Junie
Hemstead,Faith
Stilgo,Dallon
O'Fallon,Austine
Pittel,Sharla
Count,Rustin
Hubatsch,Alice
Elflain,Derrik
Kalisch,Deb
Chace,Hayes
Deer,Letti
Gracey,Jacquenette
Kershow,Tybalt
Gladwell,Christophorus
Jeschner,Avril
Twist,Dona
Indruch,Harli
Danilenko,Barton
Gircke,Jacklyn
Bare,Wilhelmine
Steggles,Stacie
Tatam,Hagan
Zannolli,Aloysius
Allwright,Tonie
Teers,Aland
Curry,Anatola
Andrini,Lynnette
Kloster,Cull
Torre,Britt
Ferrotti,Cherianne
Ambrozewicz,Gavan
Klausen,Maxi
Kauffman,Hilton
Innwood,Lyell
Low,Sheri
Huleatt,Algernon
Sturman,Jobye
Derdes,Franklin
Mussolini,Roseann
Twinborne,Berny
Trask,Janis
Duckerin,Morten
Jaffray,Sosanna
Dumke,August
Slucock,Henryetta
Drewitt,Florie
Forten,Holly-anne
Andrzej,Murial
Waddington,Jedidiah
Jaquemar,Tedd
Colls,Gwenni
Landrick,Willi
Pereira,Horten
Whitbread,Cornelius
Clitherow,Emmeline
Samwaye,Carrie
Hambric,Vittoria
Almeida,Sylvester
Dablin,Rolf
Elfes,Jocelin
Pottery,Charity
Kilvington,Oby
Barbara,Fremont
Lyman,Brande
Oldrey,Floris
Powling,Nadya
Hartgill,Eve
Wheatcroft,Clarence
Iamittii,Lotti
Borgesio,Lawrence
Browncey,Jo
Kyne,Stephenie
Sterzaker,Dehlia
Kemshell,Anton
Greggs,Adriaens
Lowden,Roley
Everest,Alisun
Pittock,Dee
Larratt,Whittaker
Normansell,Lorinda
Frandsen,Loria
Bridgeland,Codie
Dunkerton,Blayne
Kears,Ilaire
Warbey,Tabbi
De La Haye,Kelby
Blaydon,Katusha
Lyon,Conrade
Pescott,Olenka
Berwick,Leslie
Coleby,Juditha
Swatradge,Penrod
Benet,Tallia
Rilton,Tye
Bertwistle,Vernor
Ortner,Shaylyn
Fairrie,Orville
Hawksworth,Pascale
Josifovitz,Hagan
O'Noland,Lazare
Haps,Faith
Wretham,Beret
Dumingos,Foss
Baudon,Elizabeth
Lawlor,Roy
Tarbath,Zach
Flett,Nina
Impett,Glenden
Parkhouse,Annice
Mitro,Sosanna
Lathbury,Percival
Patient,Kyrstin
Edmeads,Levey
Oliveras,Marmaduke
Callaby,Dierdre
Cousans,Dewain
Garrioch,Alexina
Townrow,Seline
Marquand,Keith
Hufton,Sheila-kathryn
Sarfati,Christiane
Caulket,Tiffy
Caen,Theobald
De Fraine,Jory
Crallan,Cindie
Apark,Stephie
Sedgebeer,Leoine
Wallsam,Redford
Bloxsum,Berry
Wesgate,Andros
Almey,Suki
Birdall,Buddie
Moorfield,Ernst
Brien,Idelle
Stockdale,Crissy
Sinnott,Agnola
Dumbrall,Janene
Zoane,Joceline
Thorpe,Zack
Sherrocks,Chickie
Hethron,Skyler
Jaffra,Prince
Riglar,Shaina
Demaid,Viviyan
Abramamovh,Curtice
Durran,Bryant
Olechnowicz,Wendie
Bresnen,Dyane
Kubatsch,Gilly
Atger,Christi
Boother,Broderick
Brownett,Ashli
Honeywood,Cecil
McKeney,Eve
Franzotto,Gayleen
Volleth,Flo
Casale,Whitney
MacDowal,Tamiko
Damiral,Eda
Leydon,Phillida
Stevenson,Freddy
Barracks,Sal
Hamerton,Kendall
Cadge,Alexandra
Betser,Lettie
Rylatt,Rickie
Faudrie,Renata
Odger,Burgess
Douse,Eustace
Amaya,Orv
Gemlett,Doralyn
Brannan,Trevar
Hanson,Eleanora
Bromont,Babara
Cornfoot,Edie
Swinbourne,Rafa
Weiser,Kelsey
Gristwood,Tymon
Piddlehinton,Delcina
Badby,Barrett
Lucas,Herta
Downey,Cinderella
McGaughie,Georgena
Checketts,Cori
Extence,Frasquito
Milmoe,Erhard
O'Codihie,Aldon
Saltman,Alfonse
Tirrell,Stanislaus
Westnage,Clint
Telezhkin,Eran
Ballsdon,Nedda
Blamey,Nikki
Cordova,Jayme
Lougheed,Stanly
Barta,Aharon
Vasilkov,Freddy
Forsbey,Sigvard
Major,Amalea
McCreary,Fredric
Rothert,Barbey
Musico,Gayle
Proschke,Elisha
Wase,Marty
Prisley,Rufe
Bollins,Aggy
Jodlowski,Arnoldo
Vasiliev,Sosanna
Lakenton,Leta
Cowell,Walliw
Bernetti,Jen
Coaten,Chaddie
Coronas,Marris
Boutellier,Caty
Castangia,Izabel
Bony,Trefor
Cockshutt,Jim
Clague,Avrom
Popeley,Erhart
Stradling,Penny
Pringer,Brit
Walstow,Sebastian
Tracey,Sascha
Caddan,Fifine
Dreng,Trudey
Banbrigge,Evita
Horney,Natka
Ferrey,Dorene
O'Connel,Norbert
Dobbie,Frasier
Jackes,Kalila
Merrien,Katina
De Matteis,Ivar
Beattie,Harriott
Maris,Kendrick
Elves,Gilberte
Hubber,Iggie
Sidey,Morgen
Uzelli,Darlene
Ibel,Janeen
Ashford,Aurlie
Haversham,Charissa
Daverin,Garret
Clitherow,Luciana
Sebyer,Niven
Aronson,Cchaddie
Elwill,Hailey
Fender,Marsiella
Robun,Renelle
McEttigen,Antons
Dabes,Bonni
Pullin,Annie
Thornebarrow,Pearl
Schankel,Dolores
Lowis,Merill
Firby,Nefen
Hucks,Darice
Whitington,Rowland
Isac,Culver
Height,Byron
Shales,Melesa
Longmaid,Creighton
Gledhill,Joyce
Gitthouse,Marci
Ashment,Gwendolin
Klement,Norbert
Mitchinson,Fredrika
Eary,Talia
Edwards,Marla
Pascho,Nita
Matthieson,Josiah
Dumbar,Desmund
Esland,Win
Gabotti,Obed
Fernyhough,Lissy
Paulat,Elmer
Durdy,Sutherland
Le Borgne,Bertrand
Holtham,Kara
Heinsh,Charlotta
Peracco,Teresina
Scay,Kendricks
Ellcome,Bobbe
Clarridge,Zora
Clewlowe,Eli
McArdell,Rosemarie
Kemetz,Cassius
Keitch,Daryle
Coveney,Barbey
Sully,Kevyn
Rosenhaupt,Gail
Silkston,Davine
Charer,Ivor
Hoyte,Valli
Willgress,Timmy
Lock,Walsh
Pender,Concettina
Lynn,Franky
Ouldcott,Meredithe
Guerreiro,Sanson
Michael,Fianna
Fleckness,Gino
Bullick,Nicoli
Copsey,Irvine
Beggs,Melisent
Strange,Humberto
Spaice,Dorelia
O'Grogane,Dunstan
Pirri,Anna-diane
Debney,Chariot
Moye,Kerwinn
Hatzar,Walliw
Gouldeby,Roderich
O'Cleary,Nanon
Fuzzens,Bea
Comoletti,Rici
Domenico,Osborn
McKibbin,Netta
Padden,Skye
De Francisci,Ephrayim
Trencher,Ingra
Trelevan,Ursuline
Althrope,May
Deavin,Garrik
Salvin,Rozelle
Matyashev,Adan
Cyson,Osbourne
Bignal,Normand
Kik,Barbee
Pirt,Lacee
Jendas,Gene
Cheesman,Rory
Swindall,Huntington
Dain,Franky
Andrysek,Wait
Pietroni,Desdemona
Pickerin,Sayer
Aspland,Leona
Redding,Casey
Storck,Freedman
Watson-Brown,Sunshine
Le Gallo,Kaylil
Trebilcock,Leonore
Skoggings,Graehme
Jefferys,Dannel
Rzehorz,Yvor
Abramchik,Dode
Blankau,Gaynor
Edgworth,Shaylyn
Keningham,Nannette
Brislawn,Itch
Avrahamof,Marika
Shitliffe,Mil
Pimlott,Nonna
Beharrell,Ky
Cyples,Amaleta
Kyles,Kerri
Kinder,Gennifer
Cope,Franni
Baumert,Imogen
Gatehouse,Nickey
Aldhouse,Catherin
Allmann,Rozamond
Lindbergh,Illa
Tincknell,Heather
Hickford,Lara
Hartford,Gardie
Hugin,Phyllys
Ranson,Pierrette
Jarrad,Adler
Praundlin,Cordy
Pawlowicz,Rice
Peoples,Ariana
Fiddy,Flem
McVie,Camila
Iacoviello,Elayne
Pitblado,Eachelle
Cardenosa,Dulsea
Duchant,Egan
Piggins,Melodie
Rough,Odelle
Mengo,Troy
Rummer,Octavius
Handrek,Shandy
See,Heath
Allix,Chad
Hickisson,Koo
Pimlett,Derrek
Holcroft,Greg
Haggie,Ichabod
Anniwell,Licha
Carvilla,Kalil
Lafferty,Pammi
Nuzzi,Corliss
Lagne,Leola
Rampley,Reeba
Ferrarone,Ricca
Merricks,Gracia
South,Faythe
Minker,Gracia
Rude,Gal
Wilman,Gaye
Cowing,Rutger
Angel,Merry
Davidi,Nataline
Aymes,Mada
Richens,Randolph
Cracoe,Iona
Geerdts,Joan
Malim,Drusilla
Doumer,Aura
Wegenen,Goldy
Aindriu,Tonia
Haly,Ilse
Willshere,Kettie
Fiske,Dante
Nobes,Cassandra
Clinning,Lola
Kelberman,Celisse
Ivatt,Alejandra
Giblin,Chandal
Prestedge,Ilaire
Okenden,Antonina
Gladtbach,Cassondra
Sibbs,Maurita
Fontenot,Jakie
Buie,Issiah
Climer,Fidela
Pagan,Yovonnda
Myatt,Cloe
McQuorkell,Lorie
Stone,Manya
Hammelberg,Talya
Scarsbrook,May
Tummond,Carolus
Thorneywork,Torrin
Burchard,Starla
Siaspinski,Dannie
Hallan,Berthe
Hagan,Diannne
Cressar,Louise
Thompson,Ingeberg
Colman,Emmy
Croyser,Ophelie
Hellis,Joni
Duetsche,Dorine
Viggers,Dwayne
Chorlton,Rosemary
Yurenev,Aila
MacGiolla,Court
MacMaykin,Waring
Bulfit,Janelle
Causier,Rubetta
Habercham,Ross
Cadogan,Sergei
Stockill,Brannon
Everly,Stoddard
Gilardi,Monah
Gras,Skip
Guest,Garvy
Abbs,Johnathan
Jerram,Pepe
Rosendall,Elaine
Kores,Gearalt
Skehan,Clark
Alton,Caralie
Bone,Brnaba
Benadette,Giffy
Grayley,Vernice
Grisedale,Malanie
Raspison,Doy
Rennolds,Catha
MacDuff,Wilek
Zamora,Latia
Phaup,Clara
Balsom,Darius
Haycraft,Ignazio
Trehearne,Ava
Keniwell,Milzie
Earlam,Gerek
Burnyeat,Mel
Crookston,Mikol
Schottli,Burnaby
Judd,Deborah
Reuble,Ira
Ovenden,Lauraine
Pepper,Lissa
Marwood,Aprilette
Derges,Meir
Plitz,Mikkel
Peirpoint,Isabelita
Heisler,Rodrick
Londors,Tarrance
Marsie,Benedict
Pinyon,Renado
Colebourne,Cooper
Milliken,Rachele
Baily,Enos
Heckle,Eduard
Gunstone,Jill
Strettle,Caresa
Obington,Barb
Measey,Pinchas
Walworth,Shellie
Stebbings,Kellie
Walkden,Mariann
Boarder,Sheba
Cussons,Caresse
Guerner,Winslow
O'Moylane,Quinn
Barca,Bridgette
Saltern,Blisse
Pichmann,Forrest
Obin,Alaster
Zorzini,Arabela
Venable,Jermaine
Attarge,Bevan
Fussell,Carine
Kitchen,Sibyl
Riggeard,Harmony
Keoghan,Aubrey
Rouchy,Dionisio
Rottger,Nikos
Boler,Wakefield
McEnhill,Wilona
Kain,Melisenda
Dyche,Pattie
Guild,Matias
Fosken,Thatch
Keavy,Jilli
Barltrop,Floris
O'Hannigan,Kip
Lesor,Marielle
Hullot,Phaedra
Filler,Rubetta
Pook,Andros
Pedrozzi,Eustacia
Elvin,Clayborne
MacGaughey,Law
Yeatman,Nicolas
Adams,Niel
Arnet,Donaugh
Rew,Ashely
Caverhill,Karlen
Bailiss,Brynna
Lauridsen,Andreas
Horbath,Cissiee
Spaven,Allx
Leggin,Lorita
Sodo,Hayes
Buterton,Corey
Bullene,Adi
Matschek,Loraine
Di Frisco,Lionello
Vanyakin,Roobbie
Downing,Danita
Sarrell,Renee
Cusack,Barbette
Dmych,Wade
Mapstone,Vyky
Sheal,Oren
Sweatland,Bathsheba
Jeffreys,Judith
Rangall,Indira
Hein,Niccolo
Wolfendale,Isadore
Munro,Edik
Steen,Elliot
Speers,Philbert
Marklow,Tarrance
Vann,Lola
De Freyne,Horace
Llopis,Phylis
Pappin,Harley
Deverick,Alden
Fawdrey,Daniela
Kinworthy,Angie
Dalman,Egan
Larkings,Celina
Beinke,Pearle
Trewin,Querida
Cashell,Dawn
Fitchew,Elena
Hartlebury,Gal
McFadin,Hamil
Macauley,Harriet
De Malchar,Rhoda
Harmant,Gilbertina
Sliman,Lurette
Alves,Katya
Byre,Micki
Snepp,Manolo
Churching,Taddeusz
Houseley,Giffie
Kirsch,Tilda
Habble,Danna
Simmings,Tracey
Haselhurst,Eal
Pennicott,Nikaniki
Bellison,Xymenes
Gledhill,Lula
De Lorenzo,Marjorie
Peffer,Hurleigh
Krystof,Hamid
Slidders,Tim
Ellingworth,Patsy
Kinch,Anni
Thowes,Fionnula
Rorke,Eunice
Tarpey,Willa
Eardley,Jill
Madden,Orelee
Howman,Seamus
McGerr,Davidde
Reyner,Sonia
Smallpiece,Wallie
Loyns,Novelia
Surmeyers,Patsy
Kinavan,Deeanne
Tapsfield,Reba
Caff,Betsy
Wyllis,Alick
Reinbeck,Clerc
Tabord,Son
Coaten,Blake
Bentson,Koo
Lahy,Calv
Sailor,Rebe
Bealing,Patric
Bushnell,Boycie
Boddington,Gerome
Holmyard,Falkner
Chasmor,Moina
Rime,Ferris
McQuilty,Colline
MacComiskey,Griselda
Paulig,Thatcher
Giannasi,Gilles
Clears,Madonna
Brearley,Jennette
Lawles,Rowan
Reading,Renault
Iacobo,Ivette
Woolland,Shanna
Manvelle,Darsey
Beau,Willis
Hunstone,Viviyan
Gorrissen,Suzi
Loidl,Johnnie
Hartopp,Nananne
Boothby,Corenda
Loache,Hillary
Nathan,Erny
Nottingham,Sutherlan
Tapper,Enos
Hultberg,Daphene
Petrolli,Antonina
Spatarul,Gerry
Betham,Cymbre
Aspole,Kerr
Earngy,Sasha
Woolfitt,Devinne
Cochrane,Lora
Gatch,Vassili
Lingwood,Alvinia
Proback,Kalila
Paike,Damita
Burdytt,Norina
Fores,Orion
Skunes,Jermain
Ramsdell,Alfreda
Collis,Neely
Serotsky,Milzie
Dopson,Keeley
Feehan,Willow
Worham,Julie
Farrand,Marianna
Shepherd,Fernando
Ascroft,Claire
Haggis,Emelda
Bard,Thaine
McGrorty,Goldarina
Prangley,Rafaello
Burbudge,Grethel
Fennelow,Levin
Glantz,Ode
Calcut,Zorana
Greaterex,Killy
Semiraz,Timothea
Sevier,Teresina
Limb,Ethelin
McQuarter,Sigrid
Taree,Sonya
Gidman,Lib
Rapper,Wainwright
McManus,Joey
Peckett,Giralda
McLellan,Gianni
Chillistone,Edyth
Dudding,Brianna
Cragg,Dar
Pullar,Happy
Ellingford,Peggie
Oda,Zsazsa
De Angelo,Francene
Kolakowski,Darsie
Launder,Nessie
Summerson,Olwen
Higgan,Mimi
Yelyashev,Lila
Hemms,Bride
Dunwoody,Hunfredo
Wapol,Georgie
Bedbrough,Uta
Slamaker,Keefer
Janusz,Letizia
Absolem,Brantley
Ismead,Che
Andreoletti,Levey
Anscott,Elonore
Garrud,Brit
Beneyto,Tripp
Huckell,Meredithe
McGavin,Rodger
Krolman,Octavius
Hazael,Reidar
Girsch,Christi
Ratnage,Philipa
Dmitrievski,Giffie
Loncaster,Hedwiga
Bantham,Anson
Costa,Rafaela
Gamlen,Brewster
Bonass,Cordi
Klimecki,Briny
Kierans,Fax
Annes,Maryjo
Wannan,Kimberly
Avieson,Nappy
Ringsell,Marketa
Kimbrey,Malena
Clemes,Celesta
Eastmead,Tab
Mitchenson,Francene
Ovenden,Bertha
Kearford,Marshal
Gerger,Lexi
Cutford,Cecile
Hankey,Emmaline
Eskell,Clayborne
Calderonello,Karoly
Auchterlony,Gunther
Dautry,Marylynne
Trill,Brandise
Scruby,Barbee
Burnhard,Skylar
Dossantos,Kaila
D'Ambrogio,Jacki
Gerlack,Grazia
Laurentin,Anette
Brabon,Gale
Toderbrugge,Darcie
Merrilees,Maure
Withrington,Fionnula
Given,Ebeneser
Bennett,Reinaldo
Hentzer,Annetta
Gebby,Lexis
Braban,Colleen
Dalley,Corbett
Lipprose,Greta
Panniers,Krisha
Casine,Flemming
Bohin,Germain
Meegin,Edvard
Vader,Lanie
Baleine,Dorri
Lalley,Finlay
Weavers,Valle
Patriche,Eadith
Keemer,Brynn
Peltz,Broddie
Fakeley,Ki
Goodnow,Celina
Georgeou,Meredeth
Cecere,Michaelina
Timeby,Normie
Springle,Giraldo
Duly,Whitman
Tilt,Gustie
McColley,Marje
Blanque,Casey
Cupitt,Dalton
Glasscoe,Timi
Monketon,Constantin
Heinzel,Haslett
Daugherty,Bradney
McQuorkell,Diena
Yantsurev,Onofredo
Reede,Ursula
Kerwick,Krishnah
McGoldrick,Alexio
Lakin,Nikolas
Sadler,Cherin
LaBastida,Granger
De Ferrari,Jarrad
Attrie,Estelle
Robichon,Glori
Eddison,Jessika
Mennithorp,Elna
Salkeld,Germain
Hryskiewicz,Rourke
Annell,Lothario
Aldis,Joann
Tieman,Oralee
Feake,Lindsey
Weightman,Lizzie
Littleton,Joanna
Blenkensop,Frannie
Habbin,Kaitlyn
Abercrombie,Hephzibah
Bercher,Robbert
Littlejohn,Guntar
Riccioppo,Rosabella
Wroath,Corbett
Pengilley,Alexandrina
Bushe,Cameron
Stolle,Kala
Tarply,Devin
Pawlowicz,Michel
Pedri,Nicky
Seddon,Jameson
Lemery,Lorrie
Bodicum,Lisa
Dunlea,Antonina
Brech,Johannah
Adlard,Rose
Mussington,Dal
Amesbury,Jehanna
Howgate,Giffie
Chessum,Petronille
Yitshak,Jaymee
Hablet,Lilly
Brayne,Emelen
Delahunty,Thomas
Spoors,Nata
Giovanitti,Halsey
Copestake,Kelsey
Cornhill,Wynny
Petru,Beverie
Noads,Lucky
Bram,Salvatore
Greg,Dody
Marriage,Trudey
Hutten,Toby
McKim,Vanni
Micheu,Humberto
Senechault,Maure
Nealy,Franky
Banford,Werner
Rantoull,Tracey
Beningfield,Kelsy
Colerick,Bob
Forrestall,Jessey
Elverston,Felipa
Kench,Kristopher
Burgan,Alvy
Bampkin,Susi
Leser,Marcile
Winship,Fransisco
Warnock,Care
Lehrer,Goran
Newdick,Friedrich
McQuin,Denna
Rudeforth,Midge
McMahon,Bamby
Hendren,Rodrick
Drivers,Nanine
O'Toole,Rolando
Steagall,Marchall
Daborn,Terrye
Matoshin,Patrizia
Dicke,Orbadiah
Cuffe,Nikolai
Helliar,Lockwood
Winnard,Cece
Leggan,Joyan
Trendle,Elset
Cathrae,Betteanne
Haily,Thomasina
Ettery,Amalle
Oloman,Edlin
Royle,Katina
Oxborough,Alie
McGaugan,Winnifred
Mayger,Laurie
Dyble,Friederike
Cuckson,Ilsa
Woodroffe,Essie
Warland,Doria
Kneebone,Iorgos
Luten,Cass
Edgeon,Adiana
Elloit,Wolfie
Fierman,Neil
Loadwick,Carolyn
McAreavey,Ashla
MacNab,Linn
Cable,Alix
Dittson,Ralf
Roobottom,Jae
Fumagall,Frances
Sprake,Felicio
Skipp,Dyane
Trevon,Fay
Tissier,Zane
Drew,Franciskus
Aleshintsev,Hollie